cone_barcode,order_no,article_number,csv_issue_status,db_issue_status_before,action,status,reason,actual_weight,location_to_allocate,weight_before,weight_after,storage_before,storage_after,return_txn_id,issue_txn_id,order_id,article_id
699aa55d4583baeaf6e57a25,ORD-000028,A052,not_issued,not_issued,not_issued_relocate,success,Updated coneWeight and coneStorageId (no return transaction),1.104,B7-01-S0030-F02,1.104,1.104,B7-01-S0030-F02,B7-01-S0030-F02,,,,
699aa55d4583baeaf6e57a51,ORD-000028,A052,not_issued,not_issued,not_issued_relocate,success,Updated coneWeight and coneStorageId (no return transaction),0.836,B7-01-S0030-F02,0.836,0.836,B7-01-S0030-F02,B7-01-S0030-F02,,,,
699c44544583baeaf6e81274,ORD-000022,A4426,issued,not_issued,not_issued_relocate,success,DB was not_issued; CSV said issued. Updated weight and storage only.,0.246,B7-01-S0016-F01,0.246,0.246,B7-01-S0016-F01,B7-01-S0016-F01,,,,
699c44544583baeaf6e81275,ORD-000022,A4426,issued,not_issued,not_issued_relocate,success,DB was not_issued; CSV said issued. Updated weight and storage only.,0.532,B7-01-S0016-F01,0.532,0.532,B7-01-S0016-F01,B7-01-S0016-F01,,,,
699c44544583baeaf6e81276,ORD-000022,A4426,issued,not_issued,not_issued_relocate,success,DB was not_issued; CSV said issued. Updated weight and storage only.,0.402,B7-01-S0016-F01,0.402,0.402,B7-01-S0016-F01,B7-01-S0016-F01,,,,
699c44544583baeaf6e8127a,ORD-000022,A4426,issued,used,not_issued_relocate,success,DB was used; CSV said issued. Updated weight and storage only.,0.004,B7-01-S0016-F01,0,0.004,,,,,,
699c44544583baeaf6e8127b,ORD-000022,A4426,issued,not_issued,not_issued_relocate,success,DB was not_issued; CSV said issued. Updated weight and storage only.,0.462,B7-01-S0016-F01,0.462,0.462,B7-01-S0016-F01,B7-01-S0016-F01,,,,
699c44544583baeaf6e8127c,ORD-000022,A4426,issued,not_issued,not_issued_relocate,success,DB was not_issued; CSV said issued. Updated weight and storage only.,0.694,B7-01-S0016-F01,0.694,0.694,B7-01-S0016-F01,B7-01-S0016-F01,,,,
699c44544583baeaf6e8127f,ORD-000022,A4426,issued,not_issued,not_issued_relocate,success,DB was not_issued; CSV said issued. Updated weight and storage only.,0.45,B7-01-S0016-F01,0.45,0.45,B7-01-S0016-F01,B7-01-S0016-F01,,,,
699da719c926fc0fe856e81a,,,not_issued,not_issued,not_issued_relocate,success,Updated coneWeight and coneStorageId (no return transaction),0.222,B7-01-S0013-F02,0.222,0.222,B7-01-S0013-F02,B7-01-S0013-F02,,,,
699ea677c926fc0fe85884db,ORD-000003,A6190,not_issued,not_issued,not_issued_relocate,success,Updated coneWeight and coneStorageId (no return transaction),0.36,B7-01-S0013-F02,0.36,0.36,B7-01-S0013-F02,B7-01-S0013-F02,,,,
699ea677c926fc0fe85884e0,ORD-000003,A6190,not_issued,not_issued,not_issued_relocate,success,Updated coneWeight and coneStorageId (no return transaction),0.33,B7-01-S0013-F02,0.33,0.33,B7-01-S0013-F02,B7-01-S0013-F02,,,,
69a4155b93145c5b28552f57,ORD-000004,A5448,not_issued,not_issued,not_issued_relocate,success,Updated coneWeight and coneStorageId (no return transaction),0.22,B7-01-S0043-F02,0.22,0.22,B7-01-S0043-F02,B7-01-S0043-F02,,,,
69a4155b93145c5b28552f61,ORD-000024,A6302,issued,not_issued,not_issued_relocate,success,DB was not_issued; CSV said issued. Updated weight and storage only.,0.6440001,B7-01-S0043-F02,0.6440001,0.6440001,B7-01-S0043-F02,B7-01-S0043-F02,,,,
69a524cc93145c5b28554cc0,,,not_issued,not_issued,not_issued_relocate,success,Updated coneWeight and coneStorageId (no return transaction),0.326,B7-01-S0036-F03,0.326,0.326,B7-01-S0036-F03,B7-01-S0036-F03,,,,
69a5253d93145c5b28554e36,ORD-000008,A5912,not_issued,not_issued,not_issued_relocate,success,Updated coneWeight and coneStorageId (no return transaction),0.768,B7-01-S0036-F03,0.768,0.768,B7-01-S0036-F03,B7-01-S0036-F03,,,,
69a5253d93145c5b28554e39,ORD-000008,A5912,not_issued,not_issued,not_issued_relocate,success,Updated coneWeight and coneStorageId (no return transaction),0.692,B7-01-S0036-F03,0.692,0.692,B7-01-S0036-F03,B7-01-S0036-F03,,,,
69a565a093145c5b28578d7b,ORD-000024,A6302,issued,not_issued,not_issued_relocate,success,DB was not_issued; CSV said issued. Updated weight and storage only.,0.684,B7-01-S0036-F03,0.684,0.684,B7-01-S0036-F03,B7-01-S0036-F03,,,,
69a565a093145c5b28578d82,ORD-000024,A6302,issued,not_issued,not_issued_relocate,success,DB was not_issued; CSV said issued. Updated weight and storage only.,0.386,B7-01-S0036-F03,0.386,0.386,B7-01-S0036-F03,B7-01-S0036-F03,,,,
69a565f193145c5b28578e39,,,not_issued,not_issued,not_issued_relocate,success,Updated coneWeight and coneStorageId (no return transaction),1.036,B7-01-S0036-F03,1.036,1.036,B7-01-S0036-F03,B7-01-S0036-F03,,,,
69a565f193145c5b28578e44,,,not_issued,not_issued,not_issued_relocate,success,Updated coneWeight and coneStorageId (no return transaction),1.026,B7-01-S0036-F03,1.026,1.026,B7-01-S0036-F03,B7-01-S0036-F03,,,,
69a9142a93145c5b2859f803,ORD-000024,A6216,issued,not_issued,not_issued_relocate,success,DB was not_issued; CSV said issued. Updated weight and storage only.,0.404,B7-01-S0030-F02,0.404,0.404,B7-01-S0030-F02,B7-01-S0030-F02,,,,
69a9789793145c5b285a38ec,,,not_issued,used,not_issued_relocate,success,Updated coneWeight and coneStorageId (no return transaction),0.002,B7-01-S0030-F02,0.002,0.002,,,,,,
69aacdae93145c5b285a6ddb,ORD-000024,A6216,issued,not_issued,not_issued_relocate,success,DB was not_issued; CSV said issued. Updated weight and storage only.,0.04,B7-01-S0030-F02,0.04,0.04,B7-01-S0030-F02,B7-01-S0030-F02,,,,
69afc7f375ce3cd7dfb05318,,,not_issued,used,not_issued_relocate,success,Updated coneWeight and coneStorageId (no return transaction),0.002,B7-01-S0036-F03,0.002,0.002,,,,,,
69b0e7ff05b3bddb85280606,ORD-000006,A224,not_issued,not_issued,not_issued_relocate,success,Updated coneWeight and coneStorageId (no return transaction),0.102,B7-01-S0036-F03,0.102,0.102,B7-01-S0036-F03,B7-01-S0036-F03,,,,
69b1165905b3bddb852811d8,ORD-000013,A6322,not_issued,not_issued,not_issued_relocate,success,Updated coneWeight and coneStorageId (no return transaction),0.152,B7-01-S0040-F01,0.152,0.152,B7-01-S0040-F01,B7-01-S0040-F01,,,,
69b263f0a37559f46ce1ca19,ORD-000050,A3419,issued,issued,issued_return_relocate,success,Returned with weight 0.798 → B7-01-S0043-F02 (CSV order/article ignored for return; using cone_document),0.798,B7-01-S0043-F02,0.688,0.798,B7-01-S0038-F01,B7-01-S0043-F02,(existing),69fc5d46c1c96adf1f7cdf2f,69fc39eec1c96adf1f7c4570,69fc39eec1c96adf1f7c456d
69b3c6dd9a152b0d31d7dd56,ORD-000004,A572,not_issued,not_issued,not_issued_relocate,success,Updated coneWeight and coneStorageId (no return transaction),0.124,B7-01-S0013-F02,0.124,0.124,B7-01-S0013-F02,B7-01-S0013-F02,,,,
69b51f04e0bcee26efe02b25,ORD-000005,A5466,not_issued,not_issued,not_issued_relocate,success,Updated coneWeight and coneStorageId (no return transaction),0.396,B7-01-S0043-F02,0.396,0.396,B7-01-S0043-F02,B7-01-S0043-F02,,,,
69b7880ca6225d28d31c08c2,ORD-000013,A6311,not_issued,not_issued,not_issued_relocate,success,Updated coneWeight and coneStorageId (no return transaction),0.132,B7-01-S0040-F01,0.132,0.132,B7-01-S0040-F01,B7-01-S0040-F01,,,,
69b7dfa8a6225d28d31cae59,ORD-000030,A049,not_issued,not_issued,not_issued_relocate,success,Updated coneWeight and coneStorageId (no return transaction),0.7180001,B7-01-S0043-F02,0.7180001,0.7180001,B7-01-S0043-F02,B7-01-S0043-F02,,,,
69bbb06b0490966d869d5828,ORD-000005,A580,not_issued,not_issued,not_issued_relocate,success,Updated coneWeight and coneStorageId (no return transaction),0.148,B7-01-S0036-F03,0.148,0.148,B7-01-S0036-F03,B7-01-S0036-F03,,,,
69bbb6c20490966d869d61fe,ORD-000015,A6125,not_issued,not_issued,not_issued_relocate,success,Updated coneWeight and coneStorageId (no return transaction),0.13,B7-01-S0036-F03,0.13,0.13,B7-01-S0036-F03,B7-01-S0036-F03,,,,
69bbb6c20490966d869d6201,ORD-000024,A6302,issued,not_issued,not_issued_relocate,success,DB was not_issued; CSV said issued. Updated weight and storage only.,0.474,B7-01-S0036-F03,0.474,0.474,B7-01-S0036-F03,B7-01-S0036-F03,,,,
69bbb6c20490966d869d6203,ORD-000024,A6302,issued,used,not_issued_relocate,success,DB was used; CSV said issued. Updated weight and storage only.,0.002,B7-01-S0036-F03,0,0.002,,,,,,
69bbb6c20490966d869d6209,ORD-000024,A6302,issued,not_issued,not_issued_relocate,success,DB was not_issued; CSV said issued. Updated weight and storage only.,0.7040001,B7-01-S0036-F03,0.7040001,0.7040001,B7-01-S0036-F03,B7-01-S0036-F03,,,,
69bbb6c20490966d869d620a,ORD-000024,A6302,issued,not_issued,not_issued_relocate,success,DB was not_issued; CSV said issued. Updated weight and storage only.,0.744,B7-01-S0036-F03,0.744,0.744,B7-01-S0036-F03,B7-01-S0036-F03,,,,
69bbb6c20490966d869d6216,ORD-000024,A6302,issued,not_issued,not_issued_relocate,success,DB was not_issued; CSV said issued. Updated weight and storage only.,0.758,B7-01-S0036-F03,0.758,0.758,B7-01-S0036-F03,B7-01-S0036-F03,,,,
69bce214d795f08eb499d9bf,ORD-000041,A5954,issued,not_issued,not_issued_relocate,success,DB was not_issued; CSV said issued. Updated weight and storage only.,0.104,B7-01-S0036-F03,0.104,0.104,B7-01-S0036-F03,B7-01-S0036-F03,,,,
69bd52e622f72a9b530d580e,ORD-000024,A6216,issued,not_issued,not_issued_relocate,success,DB was not_issued; CSV said issued. Updated weight and storage only.,0.854,B7-01-S0030-F02,0.854,0.854,B7-01-S0030-F02,B7-01-S0030-F02,,,,
69bf882abeea45a970c39d68,,,not_issued,not_issued,not_issued_relocate,success,Updated coneWeight and coneStorageId (no return transaction),0.094,B7-01-S0036-F03,0.094,0.094,B7-01-S0036-F03,B7-01-S0036-F03,,,,
69bfb2aebeea45a970c3f06a,ORD-000005,A049,not_issued,not_issued,not_issued_relocate,success,Updated coneWeight and coneStorageId (no return transaction),1.19,B7-01-S0043-F02,1.19,1.19,B7-01-S0043-F02,B7-01-S0043-F02,,,,
69bfb2aebeea45a970c3f06b,ORD-000005,A5428,not_issued,not_issued,not_issued_relocate,success,Updated coneWeight and coneStorageId (no return transaction),0.28,B7-01-S0043-F02,0.28,0.28,B7-01-S0043-F02,B7-01-S0043-F02,,,,
69bfb2aebeea45a970c3f06d,ORD-000005,A253,not_issued,not_issued,not_issued_relocate,success,Updated coneWeight and coneStorageId (no return transaction),0.408,B7-01-S0043-F02,0.408,0.408,B7-01-S0043-F02,B7-01-S0043-F02,,,,
69c0fd06beea45a970c48867,ORD-000027,A3171,issued,used,not_issued_relocate,success,DB was used; CSV said issued. Updated weight and storage only.,0.002,B7-01-S0036-F03,0,0.002,,,,,,
69c3cd6ea7819fd050b1fbf2,ORD-000027,A3156,issued,not_issued,not_issued_relocate,success,DB was not_issued; CSV said issued. Updated weight and storage only.,0.322,B7-01-S0036-F03,0.322,0.322,B7-01-S0036-F03,B7-01-S0036-F03,,,,
69c3db2ba7819fd050b24344,ORD-000027,A3156,issued,used,not_issued_relocate,success,DB was used; CSV said issued. Updated weight and storage only.,0.002,B7-01-S0036-F03,0,0.002,,,,,,
69c60a8314badff1b9e42e78,ORD-000024,A6212,issued,not_issued,not_issued_relocate,success,DB was not_issued; CSV said issued. Updated weight and storage only.,0.354,B7-01-S0040-F01,0.354,0.354,B7-01-S0040-F01,B7-01-S0040-F01,,,,
69c61a7114badff1b9e4c85c,ORD-000024,A6216,issued,not_issued,not_issued_relocate,success,DB was not_issued; CSV said issued. Updated weight and storage only.,0.882,B7-01-S0030-F02,0.882,0.882,B7-01-S0030-F02,B7-01-S0030-F02,,,,
69c652f214badff1b9e6b4f1,ORD-000038,A070,issued,issued,issued_return_relocate,success,Returned with weight 0.984 → B7-01-S0030-F02 (CSV order/article ignored for return; using cone_document),0.984,B7-01-S0030-F02,1.052,0.984,B7-01-S0026-F01,B7-01-S0030-F02,(existing),69eb2b0386f7ddd153e63bf4,69eb183d86f7ddd153e58abc,69eb183d86f7ddd153e58ab2
69c656b114badff1b9e6c5ee,,,not_issued,not_issued,not_issued_relocate,success,Updated coneWeight and coneStorageId (no return transaction),0.766,B7-01-S0036-F03,0.766,0.766,B7-01-S0036-F03,B7-01-S0036-F03,,,,
69c658a114badff1b9e6cbe9,ORD-000026,A591,issued,issued,issued_return_relocate,success,Returned with weight 0.224 → B7-01-S0013-F02 (CSV order/article ignored for return; using cone_document),0.224,B7-01-S0013-F02,0.508,0.224,B7-01-S0013-F02,B7-01-S0013-F02,(existing),69df30f900ca64e3cf529ac8,69dc7c3dd0bd6cbf13e4d512,69dc7c3dd0bd6cbf13e4d510
69c658a114badff1b9e6cbf3,ORD-000026,A591,issued,issued,issued_return_relocate,success,Returned with weight 0.002 → B7-01-S0013-F02 (CSV order/article ignored for return; using cone_document),0.002,B7-01-S0013-F02,0.742,0.002,B7-01-S0013-F02,,(existing),69df311600ca64e3cf529b16,69dc7c3dd0bd6cbf13e4d512,69dc7c3dd0bd6cbf13e4d510
69c773b9a077d3fbb38e2161,,,not_issued,not_issued,not_issued_relocate,success,Updated coneWeight and coneStorageId (no return transaction),0.534,B7-01-S0036-F03,0.534,0.534,B7-01-S0036-F03,B7-01-S0036-F03,,,,
69c79bfda077d3fbb390069e,,,not_issued,not_issued,not_issued_relocate,success,Updated coneWeight and coneStorageId (no return transaction),0.482,B7-01-S0031-F03,0.482,0.482,B7-01-S0031-F03,B7-01-S0031-F03,,,,
69c79bfda077d3fbb39006a0,,,not_issued,used,not_issued_relocate,success,Updated coneWeight and coneStorageId (no return transaction),0.002,B7-01-S0031-F03,0.002,0.002,,,,,,
69c79bfda077d3fbb39006a1,,,not_issued,used,not_issued_relocate,success,Updated coneWeight and coneStorageId (no return transaction),0.002,B7-01-S0031-F03,0.002,0.002,,,,,,
69c79bfda077d3fbb39006a2,,,not_issued,not_issued,not_issued_relocate,success,Updated coneWeight and coneStorageId (no return transaction),0.406,B7-01-S0031-F03,0.406,0.406,B7-01-S0031-F03,B7-01-S0031-F03,,,,
69c79bfda077d3fbb39006a3,,,not_issued,not_issued,not_issued_relocate,success,Updated coneWeight and coneStorageId (no return transaction),0.41,B7-01-S0031-F03,0.41,0.41,B7-01-S0031-F03,B7-01-S0031-F03,,,,
69c79bfda077d3fbb39006a4,,,not_issued,not_issued,not_issued_relocate,success,Updated coneWeight and coneStorageId (no return transaction),0.438,B7-01-S0031-F03,0.438,0.438,B7-01-S0031-F03,B7-01-S0031-F03,,,,
69c7b25fa077d3fbb3908ac5,,,not_issued,not_issued,not_issued_relocate,success,Updated coneWeight and coneStorageId (no return transaction),0.21,B7-01-S0031-F03,0.21,0.21,B7-01-S0031-F03,B7-01-S0031-F03,,,,
69c7b25fa077d3fbb3908ac7,,,not_issued,not_issued,not_issued_relocate,success,Updated coneWeight and coneStorageId (no return transaction),0.418,B7-01-S0031-F03,0.418,0.418,B7-01-S0031-F03,B7-01-S0031-F03,,,,
69c7b25fa077d3fbb3908ac8,,,not_issued,not_issued,not_issued_relocate,success,Updated coneWeight and coneStorageId (no return transaction),0.436,B7-01-S0031-F03,0.436,0.436,B7-01-S0031-F03,B7-01-S0031-F03,,,,
69c7b25fa077d3fbb3908ac9,,,not_issued,used,not_issued_relocate,success,Updated coneWeight and coneStorageId (no return transaction),0.002,B7-01-S0031-F03,0.002,0.002,,,,,,
69c7b25fa077d3fbb3908aca,,,not_issued,not_issued,not_issued_relocate,success,Updated coneWeight and coneStorageId (no return transaction),0.232,B7-01-S0031-F03,0.232,0.232,B7-01-S0031-F03,B7-01-S0031-F03,,,,
69c7b25fa077d3fbb3908acb,,,not_issued,used,not_issued_relocate,success,Updated coneWeight and coneStorageId (no return transaction),0.002,B7-01-S0031-F03,0.002,0.002,,,,,,
69c7b25fa077d3fbb3908acc,,,not_issued,used,not_issued_relocate,success,Updated coneWeight and coneStorageId (no return transaction),0.002,B7-01-S0031-F03,0.002,0.002,,,,,,
69c7b25fa077d3fbb3908acd,,,not_issued,not_issued,not_issued_relocate,success,Updated coneWeight and coneStorageId (no return transaction),0.252,B7-01-S0031-F03,0.252,0.252,B7-01-S0031-F03,B7-01-S0031-F03,,,,
69c7b25fa077d3fbb3908ace,,,not_issued,not_issued,not_issued_relocate,success,Updated coneWeight and coneStorageId (no return transaction),0.152,B7-01-S0031-F03,0.152,0.152,B7-01-S0031-F03,B7-01-S0031-F03,,,,
69c7b2af7b9dd20a8569cb66,,,not_issued,not_issued,not_issued_relocate,success,Updated coneWeight and coneStorageId (no return transaction),0.11,B7-01-S0031-F03,0.11,0.11,B7-01-S0031-F03,B7-01-S0031-F03,,,,
69c7b2af7b9dd20a8569cb67,,,not_issued,not_issued,not_issued_relocate,success,Updated coneWeight and coneStorageId (no return transaction),0.194,B7-01-S0031-F03,0.194,0.194,B7-01-S0031-F03,B7-01-S0031-F03,,,,
69c7b2af7b9dd20a8569cb68,,,not_issued,used,not_issued_relocate,success,Updated coneWeight and coneStorageId (no return transaction),0.002,B7-01-S0031-F03,0.002,0.002,,,,,,
69c7b2af7b9dd20a8569cb69,,,not_issued,not_issued,not_issued_relocate,success,Updated coneWeight and coneStorageId (no return transaction),0.114,B7-01-S0031-F03,0.114,0.114,B7-01-S0031-F03,B7-01-S0031-F03,,,,
69c7b2c47b9dd20a8569cc09,,,not_issued,not_issued,not_issued_relocate,success,Updated coneWeight and coneStorageId (no return transaction),0.116,B7-01-S0044-F01,0.116,0.116,B7-01-S0044-F01,B7-01-S0044-F01,,,,
69c7b2c47b9dd20a8569cc24,ORD-000041,A5954,issued,not_issued,not_issued_relocate,success,DB was not_issued; CSV said issued. Updated weight and storage only.,0.13,B7-01-S0044-F01,0.13,0.13,B7-01-S0044-F01,B7-01-S0044-F01,,,,
69c7be1d7b9dd20a856a0588,ORD-000042,A049,issued,issued,issued_return_relocate,success,Returned with weight 0.39 → B7-01-S0044-F01 (CSV order/article ignored for return; using cone_document),0.39,B7-01-S0044-F01,0.288,0.39,B7-01-S0021-F03,B7-01-S0044-F01,(existing),69fcca09669e57ef571314bc,69f038bc64b7ac1888ee2edc,69f038bc64b7ac1888ee2ed5
69cb6c36ff9f99209b65ac02,ORD-000007,A5445,not_issued,not_issued,not_issued_relocate,success,Updated coneWeight and coneStorageId (no return transaction),0.104,B7-01-S0030-F02,0.104,0.104,B7-01-S0030-F02,B7-01-S0030-F02,,,,
69ccccfdff9f99209b697792,ORD-000024,A6216,issued,not_issued,not_issued_relocate,success,DB was not_issued; CSV said issued. Updated weight and storage only.,0.9400001,B7-01-S0043-F02,0.9400001,0.9400001,B7-01-S0043-F02,B7-01-S0043-F02,,,,
69cdf782ff9f99209b6c745d,,,not_issued,not_issued,not_issued_relocate,success,Updated coneWeight and coneStorageId (no return transaction),0.342,B7-01-S0044-F01,0.342,0.342,B7-01-S0044-F01,B7-01-S0044-F01,,,,
69cdf782ff9f99209b6c747a,ORD-000016,A591,not_issued,used,not_issued_relocate,success,Updated coneWeight and coneStorageId (no return transaction),0.002,B7-01-S0044-F01,0.002,0.002,,,,,,
69cdf782ff9f99209b6c747b,ORD-000024,A6302,issued,used,not_issued_relocate,success,DB was used; CSV said issued. Updated weight and storage only.,0.002,B7-01-S0044-F01,0,0.002,,,,,,
69ce1a8cff9f99209b6cf29e,ORD-000041,A6068,issued,not_issued,not_issued_relocate,success,DB was not_issued; CSV said issued. Updated weight and storage only.,1.174,B7-01-S0030-F02,1.174,1.174,B7-01-S0030-F02,B7-01-S0030-F02,,,,
69ce1a8cff9f99209b6cf29f,ORD-000041,A6068,issued,not_issued,not_issued_relocate,success,DB was not_issued; CSV said issued. Updated weight and storage only.,1.316,B7-01-S0030-F02,1.316,1.316,B7-01-S0030-F02,B7-01-S0030-F02,,,,
69cfb30d97fe9152fa9dac07,ORD-000041,A6068,issued,not_issued,not_issued_relocate,success,DB was not_issued; CSV said issued. Updated weight and storage only.,0.312,B7-01-S0044-F01,0.312,0.312,B7-01-S0044-F01,B7-01-S0044-F01,,,,
69d3392a97fe9152faa566f2,ORD-000020,A6158,not_issued,not_issued,not_issued_relocate,success,Updated coneWeight and coneStorageId (no return transaction),0.9760001,B7-01-S0013-F02,0.9760001,0.9760001,B7-01-S0013-F02,B7-01-S0013-F02,,,,
69d3566297fe9152faa5bf9d,ORD-000041,A5954,issued,not_issued,not_issued_relocate,success,DB was not_issued; CSV said issued. Updated weight and storage only.,0.358,B7-01-S0036-F03,0.358,0.358,B7-01-S0036-F03,B7-01-S0036-F03,,,,
69d48bfb2614366a5d8abe04,ORD-000024,A6216,issued,not_issued,not_issued_relocate,success,DB was not_issued; CSV said issued. Updated weight and storage only.,1.204,B7-01-S0030-F02,1.204,1.204,B7-01-S0030-F02,B7-01-S0030-F02,,,,
69d48bfb2614366a5d8abe06,ORD-000024,A6216,issued,not_issued,not_issued_relocate,success,DB was not_issued; CSV said issued. Updated weight and storage only.,1.202,B7-01-S0030-F02,1.202,1.202,B7-01-S0030-F02,B7-01-S0030-F02,,,,
69d48bfb2614366a5d8abe0c,ORD-000024,A6216,issued,not_issued,not_issued_relocate,success,DB was not_issued; CSV said issued. Updated weight and storage only.,1.196,B7-01-S0030-F02,1.196,1.196,B7-01-S0030-F02,B7-01-S0030-F02,,,,
69d48bfb2614366a5d8abe11,ORD-000024,A6216,issued,not_issued,not_issued_relocate,success,DB was not_issued; CSV said issued. Updated weight and storage only.,0.04,B7-01-S0030-F02,0.04,0.04,B7-01-S0030-F02,B7-01-S0030-F02,,,,
69d48bfb2614366a5d8abe14,ORD-000024,A6216,issued,not_issued,not_issued_relocate,success,DB was not_issued; CSV said issued. Updated weight and storage only.,1.19,B7-01-S0030-F02,1.19,1.19,B7-01-S0030-F02,B7-01-S0030-F02,,,,
69d48c2a2614366a5d8abf4a,ORD-000024,A6216,issued,not_issued,not_issued_relocate,success,DB was not_issued; CSV said issued. Updated weight and storage only.,1.17,B7-01-S0030-F02,1.17,1.17,B7-01-S0030-F02,B7-01-S0030-F02,,,,
69d48c2a2614366a5d8abf4d,ORD-000024,A6216,issued,not_issued,not_issued_relocate,success,DB was not_issued; CSV said issued. Updated weight and storage only.,1.188,B7-01-S0030-F02,1.188,1.188,B7-01-S0030-F02,B7-01-S0030-F02,,,,
69d48c5b2614366a5d8ac0a9,ORD-000041,A5954,issued,used,not_issued_relocate,success,DB was used; CSV said issued. Updated weight and storage only.,0.002,B7-01-S0030-F02,0,0.002,,,,,,
69d4afff2614366a5d8b9349,ORD-000030,A308,issued,issued,issued_return_relocate,success,Returned with weight 0.618 → B7-01-S0036-F03 (CSV order/article ignored for return; using cone_document),0.618,B7-01-S0036-F03,0.698,0.618,B7-01-S0038-F02,B7-01-S0036-F03,(existing),69e1d646cb6ce8081f0db876,69e08b3900ca64e3cf596a0a,69e08b3900ca64e3cf596a05
69d4b0332614366a5d8b94e6,ORD-000026,A591,issued,issued,issued_return_and_txn,success,Returned with weight 0.002 → B7-01-S0036-F03 (CSV order/article ignored for return; using cone_document),0.002,B7-01-S0036-F03,0.97,0.002,B7-01-S0038-F02,,6a0c3333a6ecc26f829986aa,69dc93e1a19ee8d30f4a1504,69dc7c3dd0bd6cbf13e4d512,69dc7c3dd0bd6cbf13e4d510
69d4d551b89662732f7eea3e,ORD-000024,A6302,issued,not_issued,not_issued_relocate,success,DB was not_issued; CSV said issued. Updated weight and storage only.,0.23,B7-01-S0040-F01,0.23,0.23,B7-01-S0040-F01,B7-01-S0040-F01,,,,
69d4da33b89662732f7f1a1d,ORD-000024,A6216,issued,not_issued,not_issued_relocate,success,DB was not_issued; CSV said issued. Updated weight and storage only.,0.998,B7-01-S0040-F01,0.998,0.998,B7-01-S0040-F01,B7-01-S0040-F01,,,,
69d4ee32b89662732f7fa235,ORD-000027,A3172,issued,used,not_issued_relocate,success,DB was used; CSV said issued. Updated weight and storage only.,0.002,B7-01-S0036-F03,0,0.002,,,,,,
69d63582b89662732f83d0ba,ORD-000051,A6474,issued,used,not_issued_relocate,success,DB was used; CSV said issued. Updated weight and storage only.,0.002,B7-01-S0036-F03,0,0.002,,,,,,
69d63582b89662732f83d0bf,ORD-000051,A6474,issued,not_issued,not_issued_relocate,success,DB was not_issued; CSV said issued. Updated weight and storage only.,0.702,B7-01-S0036-F03,0.702,0.702,B7-01-S0036-F03,B7-01-S0036-F03,,,,
69d7261cedc59d9ec1fe78da,ORD-000022,A4426,issued,not_issued,not_issued_relocate,success,DB was not_issued; CSV said issued. Updated weight and storage only.,0.626,B7-01-S0036-F03,0.626,0.626,B7-01-S0036-F03,B7-01-S0036-F03,,,,
69d7261cedc59d9ec1fe78db,ORD-000022,A4426,issued,not_issued,not_issued_relocate,success,DB was not_issued; CSV said issued. Updated weight and storage only.,0.906,B7-01-S0036-F03,0.906,0.906,B7-01-S0036-F03,B7-01-S0036-F03,,,,
69d7261cedc59d9ec1fe78e3,ORD-000022,A4426,issued,not_issued,not_issued_relocate,success,DB was not_issued; CSV said issued. Updated weight and storage only.,0.9860001,B7-01-S0036-F03,0.9860001,0.9860001,B7-01-S0036-F03,B7-01-S0036-F03,,,,
69d7261cedc59d9ec1fe78e9,ORD-000022,A4426,issued,not_issued,not_issued_relocate,success,DB was not_issued; CSV said issued. Updated weight and storage only.,0.6900001,B7-01-S0036-F03,0.6900001,0.6900001,B7-01-S0036-F03,B7-01-S0036-F03,,,,
69d7261cedc59d9ec1fe78f0,ORD-000022,A4426,issued,not_issued,not_issued_relocate,success,DB was not_issued; CSV said issued. Updated weight and storage only.,0.878,B7-01-S0036-F03,0.878,0.878,B7-01-S0036-F03,B7-01-S0036-F03,,,,
69d72633edc59d9ec1fe79a8,ORD-000022,A4426,issued,not_issued,not_issued_relocate,success,DB was not_issued; CSV said issued. Updated weight and storage only.,0.832,B7-01-S0040-F01,0.832,0.832,B7-01-S0040-F01,B7-01-S0040-F01,,,,
69d72633edc59d9ec1fe79b7,ORD-000022,A4426,issued,not_issued,not_issued_relocate,success,DB was not_issued; CSV said issued. Updated weight and storage only.,0.744,B7-01-S0040-F01,0.744,0.744,B7-01-S0040-F01,B7-01-S0040-F01,,,,
69d72ecfedc59d9ec1ff336b,ORD-000028,A4577,issued,not_issued,not_issued_relocate,success,DB was not_issued; CSV said issued. Updated weight and storage only.,0.158,B7-01-S0030-F02,0.158,0.158,B7-01-S0030-F02,B7-01-S0030-F02,,,,
69d72f01edc59d9ec1ff3554,ORD-000022,A4426,issued,used,not_issued_relocate,success,DB was used; CSV said issued. Updated weight and storage only.,0.002,B7-01-S0043-F02,0,0.002,,,,,,
69d72f01edc59d9ec1ff3556,ORD-000038,A070,issued,issued,issued_return_and_txn,success,Returned with weight 0.59 → B7-01-S0043-F02 (CSV order/article ignored for return; using cone_document),0.59,B7-01-S0043-F02,0.85,0.59,B7-01-S0043-F01,B7-01-S0043-F02,6a0c3339a6ecc26f82998733,69eb2da386f7ddd153e68124,69eb183d86f7ddd153e58abc,69eb183d86f7ddd153e58ab2
69d72f01edc59d9ec1ff3558,ORD-000022,A4426,issued,used,not_issued_relocate,success,DB was used; CSV said issued. Updated weight and storage only.,0.002,B7-01-S0043-F02,0,0.002,,,,,,
69d77abcedc59d9ec10227a8,ORD-000041,A5954,issued,not_issued,not_issued_relocate,success,DB was not_issued; CSV said issued. Updated weight and storage only.,0.15,B7-01-S0036-F03,0.15,0.15,B7-01-S0036-F03,B7-01-S0036-F03,,,,
69d783bcedc59d9ec1024d5c,ORD-000036,A574,issued,issued,issued_return_relocate,success,Returned with weight 0.166 → B7-01-S0036-F03 (CSV order/article ignored for return; using cone_document),0.166,B7-01-S0036-F03,0.64,0.166,B7-01-S0038-F02,B7-01-S0036-F03,(existing),69e89a64733c29bce008be69,69e88468733c29bce005bedc,69e88468733c29bce005bed6
69d783bcedc59d9ec1024d60,ORD-000036,A574,issued,issued,issued_return_relocate,success,Returned with weight 0.596 → B7-01-S0036-F03 (CSV order/article ignored for return; using cone_document),0.596,B7-01-S0036-F03,0.502,0.596,B7-01-S0038-F02,B7-01-S0036-F03,(existing),69eb0d0986f7ddd153e47b30,69e88468733c29bce005bedc,69e88468733c29bce005bed6
69d78af9edc59d9ec1027f67,ORD-000022,A4426,issued,not_issued,not_issued_relocate,success,DB was not_issued; CSV said issued. Updated weight and storage only.,0.23,B7-01-S0044-F01,0.23,0.23,B7-01-S0044-F01,B7-01-S0044-F01,,,,
69d78af9edc59d9ec1027f69,ORD-000022,A4426,issued,used,not_issued_relocate,success,DB was used; CSV said issued. Updated weight and storage only.,0.002,B7-01-S0044-F01,0,0.002,,,,,,
69d78af9edc59d9ec1027f6a,ORD-000022,A4426,issued,not_issued,not_issued_relocate,success,DB was not_issued; CSV said issued. Updated weight and storage only.,0.414,B7-01-S0044-F01,0.414,0.414,B7-01-S0044-F01,B7-01-S0044-F01,,,,
69d877dcedc59d9ec103e899,,,not_issued,not_issued,not_issued_relocate,success,Updated coneWeight and coneStorageId (no return transaction),1.002,B7-01-S0036-F03,1.002,1.002,B7-01-S0036-F03,B7-01-S0036-F03,,,,
69d8b21cedc59d9ec1056e9d,ORD-000024,A6216,issued,not_issued,not_issued_relocate,success,DB was not_issued; CSV said issued. Updated weight and storage only.,1,B7-01-S0040-F01,1,1,B7-01-S0040-F01,B7-01-S0040-F01,,,,
69d8b21cedc59d9ec1056ea2,ORD-000024,A6216,issued,not_issued,not_issued_relocate,success,DB was not_issued; CSV said issued. Updated weight and storage only.,1.1,B7-01-S0040-F01,1.1,1.1,B7-01-S0040-F01,B7-01-S0040-F01,,,,
69d8c1adedc59d9ec105d013,ORD-000024,A6302,issued,not_issued,not_issued_relocate,success,DB was not_issued; CSV said issued. Updated weight and storage only.,0.41,B7-01-S0044-F01,0.41,0.41,B7-01-S0044-F01,B7-01-S0044-F01,,,,
69d8c1adedc59d9ec105d029,ORD-000024,A6302,issued,not_issued,not_issued_relocate,success,DB was not_issued; CSV said issued. Updated weight and storage only.,0.42,B7-01-S0044-F01,0.42,0.42,B7-01-S0044-F01,B7-01-S0044-F01,,,,
69d8c1adedc59d9ec105d030,ORD-000024,A6302,issued,not_issued,not_issued_relocate,success,DB was not_issued; CSV said issued. Updated weight and storage only.,0.108,B7-01-S0044-F01,0.108,0.108,B7-01-S0044-F01,B7-01-S0044-F01,,,,
69d9ea81edc59d9ec109de95,ORD-000041,A5954,issued,not_issued,not_issued_relocate,success,DB was not_issued; CSV said issued. Updated weight and storage only.,0.774,B7-01-S0042-F01,0.774,0.774,B7-01-S0042-F01,B7-01-S0042-F01,,,,
69d9ea81edc59d9ec109de97,ORD-000041,A5954,issued,not_issued,not_issued_relocate,success,DB was not_issued; CSV said issued. Updated weight and storage only.,0.9160001,B7-01-S0042-F01,0.9160001,0.9160001,B7-01-S0042-F01,B7-01-S0042-F01,,,,
69d9ea81edc59d9ec109de9d,ORD-000041,A5954,issued,not_issued,not_issued_relocate,success,DB was not_issued; CSV said issued. Updated weight and storage only.,0.8380001,B7-01-S0042-F01,0.8380001,0.8380001,B7-01-S0042-F01,B7-01-S0042-F01,,,,
69da034fedc59d9ec10a2da2,ORD-000024,A6216,issued,not_issued,not_issued_relocate,success,DB was not_issued; CSV said issued. Updated weight and storage only.,1.396,B7-01-S0036-F03,1.396,1.396,B7-01-S0036-F03,B7-01-S0036-F03,,,,
69da194cedc59d9ec10aad16,ORD-000024,A6216,issued,not_issued,not_issued_relocate,success,DB was not_issued; CSV said issued. Updated weight and storage only.,0.108,B7-01-S0040-F01,0.108,0.108,B7-01-S0040-F01,B7-01-S0040-F01,,,,
69dc8f32a19ee8d30f4a05a3,ORD-000024,A6216,issued,not_issued,not_issued_relocate,success,DB was not_issued; CSV said issued. Updated weight and storage only.,0.374,B7-01-S0044-F01,0.374,0.374,B7-01-S0044-F01,B7-01-S0044-F01,,,,
69dc8f32a19ee8d30f4a05b7,ORD-000024,A6216,issued,not_issued,not_issued_relocate,success,DB was not_issued; CSV said issued. Updated weight and storage only.,0.05,B7-01-S0044-F01,0.05,0.05,B7-01-S0044-F01,B7-01-S0044-F01,,,,
69dc8f32a19ee8d30f4a05b9,ORD-000024,A6216,issued,not_issued,not_issued_relocate,success,DB was not_issued; CSV said issued. Updated weight and storage only.,0.43,B7-01-S0044-F01,0.43,0.43,B7-01-S0044-F01,B7-01-S0044-F01,,,,
69dc8f32a19ee8d30f4a05c2,ORD-000024,A6216,issued,not_issued,not_issued_relocate,success,DB was not_issued; CSV said issued. Updated weight and storage only.,0.432,B7-01-S0044-F01,0.432,0.432,B7-01-S0044-F01,B7-01-S0044-F01,,,,
69dccee3a19ee8d30f4ae8b0,ORD-000024,A6302,issued,not_issued,not_issued_relocate,success,DB was not_issued; CSV said issued. Updated weight and storage only.,1.398,B7-01-S0036-F03,1.398,1.398,B7-01-S0036-F03,B7-01-S0036-F03,,,,
69dccee3a19ee8d30f4ae8b7,ORD-000024,A6302,issued,not_issued,not_issued_relocate,success,DB was not_issued; CSV said issued. Updated weight and storage only.,1.49,B7-01-S0036-F03,1.49,1.49,B7-01-S0036-F03,B7-01-S0036-F03,,,,
69ddb364007e05d7e73ec63b,ORD-000024,A6302,issued,not_issued,not_issued_relocate,success,DB was not_issued; CSV said issued. Updated weight and storage only.,2.5,B7-01-S0030-F02,2.5,2.5,B7-01-S0030-F02,B7-01-S0030-F02,,,,
69ddb364007e05d7e73ec640,ORD-000024,A6302,issued,not_issued,not_issued_relocate,success,DB was not_issued; CSV said issued. Updated weight and storage only.,0.9160001,B7-01-S0030-F02,0.9160001,0.9160001,B7-01-S0030-F02,B7-01-S0030-F02,,,,
69ddb364007e05d7e73ec644,ORD-000024,A6302,issued,used,not_issued_relocate,success,DB was used; CSV said issued. Updated weight and storage only.,0.002,B7-01-S0030-F02,0,0.002,,,,,,
69ddb364007e05d7e73ec647,ORD-000024,A6302,issued,not_issued,not_issued_relocate,success,DB was not_issued; CSV said issued. Updated weight and storage only.,1.322,B7-01-S0030-F02,1.322,1.322,B7-01-S0030-F02,B7-01-S0030-F02,,,,
69ddb364007e05d7e73ec649,ORD-000024,A6302,issued,not_issued,not_issued_relocate,success,DB was not_issued; CSV said issued. Updated weight and storage only.,2.658,B7-01-S0030-F02,2.658,2.658,B7-01-S0030-F02,B7-01-S0030-F02,,,,
69ddb364007e05d7e73ec64c,ORD-000024,A6302,issued,not_issued,not_issued_relocate,success,DB was not_issued; CSV said issued. Updated weight and storage only.,2.558,B7-01-S0030-F02,2.558,2.558,B7-01-S0030-F02,B7-01-S0030-F02,,,,
69ddb364007e05d7e73ec652,ORD-000024,A6302,issued,not_issued,not_issued_relocate,success,DB was not_issued; CSV said issued. Updated weight and storage only.,0.066,B7-01-S0030-F02,0.066,0.066,B7-01-S0030-F02,B7-01-S0030-F02,,,,
69ddb42d007e05d7e73ec8f3,,,not_issued,not_issued,not_issued_relocate,success,Updated coneWeight and coneStorageId (no return transaction),0.89,B7-01-S0030-F02,0.89,0.89,B7-01-S0030-F02,B7-01-S0030-F02,,,,
69dde114007e05d7e7404f97,ORD-000010,A5449,issued,not_issued,not_issued_relocate,success,DB was not_issued; CSV said issued. Updated weight and storage only.,0.404,B7-01-S0044-F01,0.404,0.404,B7-01-S0044-F01,B7-01-S0044-F01,,,,
69dde2ac007e05d7e7405a98,ORD-000027,A4823,issued,not_issued,not_issued_relocate,success,DB was not_issued; CSV said issued. Updated weight and storage only.,0.528,B7-01-S0013-F02,0.528,0.528,B7-01-S0013-F02,B7-01-S0013-F02,,,,
69de0d81007e05d7e741746f,ORD-000050,A3371,issued,used,not_issued_relocate,success,DB was used; CSV said issued. Updated weight and storage only.,0.002,B7-01-S0044-F01,0.002,0.002,,,,,,
69df727300ca64e3cf536a16,ORD-000024,A6302,issued,not_issued,not_issued_relocate,success,DB was not_issued; CSV said issued. Updated weight and storage only.,1.598,B7-01-S0036-F03,1.598,1.598,B7-01-S0036-F03,B7-01-S0036-F03,,,,
69df727300ca64e3cf536a19,ORD-000024,A6302,issued,not_issued,not_issued_relocate,success,DB was not_issued; CSV said issued. Updated weight and storage only.,1.4,B7-01-S0036-F03,1.4,1.4,B7-01-S0036-F03,B7-01-S0036-F03,,,,
69df727300ca64e3cf536a1c,ORD-000024,A6302,issued,not_issued,not_issued_relocate,success,DB was not_issued; CSV said issued. Updated weight and storage only.,1.53,B7-01-S0036-F03,1.53,1.53,B7-01-S0036-F03,B7-01-S0036-F03,,,,
69e0647c00ca64e3cf58e44d,ORD-000035,A903,issued,issued,issued_return_relocate,success,Returned with weight 0.002 → B7-01-S0044-F01 (CSV order/article ignored for return; using cone_document),0.002,B7-01-S0044-F01,0.088,0.002,B7-01-S0044-F02,,(existing),69e8985d733c29bce008616a,69e869ee795e8688eebdc9cb,69e869ee795e8688eebdc9c9
69e0651a00ca64e3cf58e90d,ORD-000024,A6300,issued,not_issued,not_issued_relocate,success,DB was not_issued; CSV said issued. Updated weight and storage only.,0.386,B7-01-S0036-F03,0.386,0.386,B7-01-S0036-F03,B7-01-S0036-F03,,,,
69e0651a00ca64e3cf58e918,ORD-000005,A5457,issued,used,not_issued_relocate,success,DB was used; CSV said issued. Updated weight and storage only.,0.002,B7-01-S0036-F03,0,0.002,,,,,,
69e0651a00ca64e3cf58e919,ORD-000036,A574,issued,issued,issued_return_relocate,success,Returned with weight 0.466 → B7-01-S0036-F03 (CSV order/article ignored for return; using cone_document),0.466,B7-01-S0036-F03,0.374,0.466,B7-01-S0038-F02,B7-01-S0036-F03,(existing),69eb0d0386f7ddd153e47b17,69e88468733c29bce005bedc,69e88468733c29bce005bed6
69e066fa00ca64e3cf58f377,ORD-000024,A6256,not_issued,not_issued,not_issued_relocate,success,Updated coneWeight and coneStorageId (no return transaction),0.8660001,B7-01-S0013-F02,0.8660001,0.8660001,B7-01-S0013-F02,B7-01-S0013-F02,,,,
69e066fa00ca64e3cf58f37a,ORD-000024,A6256,not_issued,not_issued,not_issued_relocate,success,Updated coneWeight and coneStorageId (no return transaction),0.848,B7-01-S0013-F02,0.848,0.848,B7-01-S0013-F02,B7-01-S0013-F02,,,,
69e086d700ca64e3cf594b2c,ORD-000024,A6212,issued,not_issued,not_issued_relocate,success,DB was not_issued; CSV said issued. Updated weight and storage only.,0.698,B7-01-S0036-F03,0.698,0.698,B7-01-S0036-F03,B7-01-S0036-F03,,,,
69e086d700ca64e3cf594b38,ORD-000028,A4626,issued,not_issued,not_issued_relocate,success,DB was not_issued; CSV said issued. Updated weight and storage only.,0.642,B7-01-S0036-F03,0.642,0.642,B7-01-S0036-F03,B7-01-S0036-F03,,,,
69e3089634696b42ea7b17b7,ORD-000028,A4607,not_issued,not_issued,not_issued_relocate,success,Updated coneWeight and coneStorageId (no return transaction),1.03,B7-01-S0030-F02,1.03,1.03,B7-01-S0030-F02,B7-01-S0030-F02,,,,
69e3142934696b42ea7b40b5,ORD-000041,A6068,issued,not_issued,not_issued_relocate,success,DB was not_issued; CSV said issued. Updated weight and storage only.,1.156,B7-01-S0030-F02,1.156,1.156,B7-01-S0030-F02,B7-01-S0030-F02,,,,
69e360a34dfe50532a0bea25,ORD-000032,A6141,issued,not_issued,not_issued_relocate,success,DB was not_issued; CSV said issued. Updated weight and storage only.,0.056,B7-01-S0013-F02,0.056,0.056,B7-01-S0013-F02,B7-01-S0013-F02,,,,
69e5bb944dfe50532a156ff6,ORD-000036,A574,issued,issued,issued_return_and_txn,success,Returned with weight 0.002 → B7-01-S0043-F02 (CSV order/article ignored for return; using cone_document),0.002,B7-01-S0043-F02,1.164,0.002,B7-01-S0043-F02,,6a0c3350a6ecc26f82998919,69e890dd733c29bce007afbf,69e88468733c29bce005bedc,69e88468733c29bce005bed6
69e5bd6d4dfe50532a15776a,ORD-000038,A070,issued,issued,issued_return_relocate,success,Returned with weight 0.09 → B7-01-S0044-F01 (CSV order/article ignored for return; using cone_document),0.09,B7-01-S0044-F01,0.098,0.09,B7-01-S0044-F02,B7-01-S0044-F01,(existing),69eb2e6286f7ddd153e6b558,69eb183d86f7ddd153e58abc,69eb183d86f7ddd153e58ab2
69e5be1e4dfe50532a157b9f,ORD-000041,A6068,not_issued,not_issued,not_issued_relocate,success,Updated coneWeight and coneStorageId (no return transaction),0.776,B7-01-S0043-F02,0.776,0.776,B7-01-S0043-F02,B7-01-S0043-F02,,,,
69e5c14c4dfe50532a158240,,,not_issued,not_issued,not_issued_relocate,success,Updated coneWeight and coneStorageId (no return transaction),1.092,B7-01-S0030-F02,1.092,1.092,B7-01-S0030-F02,B7-01-S0030-F02,,,,
69e5c14c4dfe50532a158253,,,not_issued,not_issued,not_issued_relocate,success,Updated coneWeight and coneStorageId (no return transaction),0.572,B7-01-S0030-F02,0.572,0.572,B7-01-S0030-F02,B7-01-S0030-F02,,,,
69e84e35795e8688eebc5a26,ORD-000031,A6243,issued,not_issued,not_issued_relocate,success,DB was not_issued; CSV said issued. Updated weight and storage only.,0.082,B7-01-S0030-F02,0.082,0.082,B7-01-S0030-F02,B7-01-S0030-F02,,,,
69e84eaa795e8688eebc6233,ORD-000036,A574,issued,issued,issued_return_and_txn,success,Returned with weight 0.9300001 → B7-01-S0036-F03 (CSV order/article ignored for return; using cone_document),0.9300001,B7-01-S0036-F03,0.926,0.9300001,B7-01-S0038-F02,B7-01-S0036-F03,6a0c3352a6ecc26f82998962,69e88ff3733c29bce0076fc7,69e88468733c29bce005bedc,69e88468733c29bce005bed6
69e84eaa795e8688eebc6243,ORD-000036,A574,issued,issued,issued_return_and_txn,success,Returned with weight 0.9580001 → B7-01-S0036-F03 (CSV order/article ignored for return; using cone_document),0.9580001,B7-01-S0036-F03,0.976,0.9580001,B7-01-S0038-F02,B7-01-S0036-F03,6a0c3353a6ecc26f82998974,69e88fe7733c29bce0076f78,69e88468733c29bce005bedc,69e88468733c29bce005bed6
69e84eaa795e8688eebc6249,ORD-000036,A574,issued,issued,issued_return_and_txn,success,Returned with weight 0.606 → B7-01-S0036-F03 (CSV order/article ignored for return; using cone_document),0.606,B7-01-S0036-F03,0.992,0.606,B7-01-S0038-F02,B7-01-S0036-F03,6a0c3353a6ecc26f82998986,69e88ff7733c29bce0077004,69e88468733c29bce005bedc,69e88468733c29bce005bed6
69e8849a733c29bce005c50e,ORD-000036,A574,issued,issued,issued_return_and_txn,success,Returned with weight 0.19 → B7-01-S0044-F01 (CSV order/article ignored for return; using cone_document),0.19,B7-01-S0044-F01,0.192,0.19,B7-01-S0044-F02,B7-01-S0044-F01,6a0c3354a6ecc26f82998998,69e88fc9733c29bce0076f20,69e88468733c29bce005bedc,69e88468733c29bce005bed6
69e8849a733c29bce005c515,ORD-000036,A574,issued,issued,issued_return_and_txn,success,Returned with weight 0.412 → B7-01-S0044-F01 (CSV order/article ignored for return; using cone_document),0.412,B7-01-S0044-F01,0.394,0.412,B7-01-S0044-F02,B7-01-S0044-F01,6a0c3355a6ecc26f829989aa,69e88fba733c29bce0076ea3,69e88468733c29bce005bedc,69e88468733c29bce005bed6
69e8849a733c29bce005c51c,ORD-000036,A574,issued,issued,issued_return_and_txn,success,Returned with weight 0.064 → B7-01-S0044-F01 (CSV order/article ignored for return; using cone_document),0.064,B7-01-S0044-F01,0.374,0.064,B7-01-S0044-F02,B7-01-S0044-F01,6a0c3355a6ecc26f829989bc,69e88f95733c29bce0076db2,69e88468733c29bce005bedc,69e88468733c29bce005bed6
69e8849a733c29bce005c51f,ORD-000036,A574,issued,issued,issued_return_and_txn,success,Returned with weight 0.194 → B7-01-S0044-F01 (CSV order/article ignored for return; using cone_document),0.194,B7-01-S0044-F01,0.382,0.194,B7-01-S0044-F02,B7-01-S0044-F01,6a0c3356a6ecc26f829989ce,69e88f86733c29bce0076d5a,69e88468733c29bce005bedc,69e88468733c29bce005bed6
69e8849a733c29bce005c520,ORD-000036,A574,issued,issued,issued_return_and_txn,success,Returned with weight 0.408 → B7-01-S0044-F01 (CSV order/article ignored for return; using cone_document),0.408,B7-01-S0044-F01,0.396,0.408,B7-01-S0044-F02,B7-01-S0044-F01,6a0c3357a6ecc26f829989e0,69e88f7d733c29bce0076d28,69e88468733c29bce005bedc,69e88468733c29bce005bed6
69e8849a733c29bce005c524,ORD-000036,A574,issued,issued,issued_return_and_txn,success,Returned with weight 0.402 → B7-01-S0044-F01 (CSV order/article ignored for return; using cone_document),0.402,B7-01-S0044-F01,0.378,0.402,B7-01-S0044-F02,B7-01-S0044-F01,6a0c3357a6ecc26f829989f2,69e88fac733c29bce0076e23,69e88468733c29bce005bedc,69e88468733c29bce005bed6
69e8bdb1733c29bce0096d89,ORD-000027,A3156,issued,not_issued,not_issued_relocate,success,DB was not_issued; CSV said issued. Updated weight and storage only.,0.558,B7-01-S0043-F02,0.558,0.558,B7-01-S0043-F02,B7-01-S0043-F02,,,,
69e8bea9733c29bce0097268,ORD-000036,A574,issued,issued,issued_return_and_txn,success,Returned with weight 0.304 → B7-01-S0036-F03 (CSV order/article ignored for return; using cone_document),0.304,B7-01-S0036-F03,0.81,0.304,B7-01-S0038-F02,B7-01-S0036-F03,6a0c3358a6ecc26f82998a0e,69e8c863733c29bce009b947,69e88468733c29bce005bedc,69e88468733c29bce005bed6
69e8bea9733c29bce0097276,ORD-000036,A574,issued,issued,issued_return_and_txn,success,Returned with weight 0.8840001 → B7-01-S0036-F03 (CSV order/article ignored for return; using cone_document),0.8840001,B7-01-S0036-F03,0.574,0.8840001,B7-01-S0038-F02,B7-01-S0036-F03,6a0c3359a6ecc26f82998a20,69eb0d1886f7ddd153e47b62,69e88468733c29bce005bedc,69e88468733c29bce005bed6
69e8bea9733c29bce009727e,ORD-000041,A6068,issued,not_issued,not_issued_relocate,success,DB was not_issued; CSV said issued. Updated weight and storage only.,0.6440001,B7-01-S0036-F03,0.6440001,0.6440001,B7-01-S0036-F03,B7-01-S0036-F03,,,,
69e9ac64733c29bce00ec223,,,not_issued,not_issued,not_issued_relocate,success,Updated coneWeight and coneStorageId (no return transaction),0.106,B7-01-S0040-F01,0.106,0.106,B7-01-S0040-F01,B7-01-S0040-F01,,,,
69e9acff733c29bce00ed8cb,,,not_issued,not_issued,not_issued_relocate,success,Updated coneWeight and coneStorageId (no return transaction),0.648,B7-01-S0036-F03,0.648,0.648,B7-01-S0036-F03,B7-01-S0036-F03,,,,
69e9adf2733c29bce00f0907,ORD-000036,A574,issued,issued,issued_return_and_txn,success,Returned with weight 0.83 → B7-01-S0013-F02 (CSV order/article ignored for return; using cone_document),0.83,B7-01-S0013-F02,1.122,0.83,B7-01-S0013-F03,B7-01-S0013-F02,6a0c335aa6ecc26f82998a51,69eb0cb786f7ddd153e478c0,69e88468733c29bce005bedc,69e88468733c29bce005bed6
69e9caea59aa9fc88a54e621,ORD-000041,A5954,issued,not_issued,not_issued_relocate,success,DB was not_issued; CSV said issued. Updated weight and storage only.,0.95,B7-01-S0030-F02,0.95,0.95,B7-01-S0030-F02,B7-01-S0030-F02,,,,
69e9f2e559aa9fc88a59371d,ORD-000038,A070,issued,issued,issued_return_and_txn,success,Returned with weight 0.236 → B7-01-S0036-F03 (CSV order/article ignored for return; using cone_document),0.236,B7-01-S0036-F03,0.95,0.236,B7-01-S0038-F02,B7-01-S0036-F03,6a0c335ca6ecc26f82998a6d,69eb2f5c86f7ddd153e6fe75,69eb183d86f7ddd153e58abc,69eb183d86f7ddd153e58ab2
69eb17c186f7ddd153e5848b,ORD-000036,A644,issued,issued,issued_return_and_txn,success,Returned with weight 0.108 → B7-01-S0040-F01 (CSV order/article ignored for return; using cone_document),0.108,B7-01-S0040-F01,0.978,0.108,B7-01-S0040-F02,B7-01-S0040-F01,6a0c335ca6ecc26f82998a80,69ef92bd64b7ac1888ecb938,69e88468733c29bce005bedc,69e8b3f8733c29bce00946b6
69ec519386f7ddd153ecaaf0,ORD-000041,A5954,issued,used,not_issued_relocate,success,DB was used; CSV said issued. Updated weight and storage only.,0.002,B7-01-S0030-F02,0,0.002,,,,,,
69ec519386f7ddd153ecaaf1,ORD-000041,A5954,issued,not_issued,not_issued_relocate,success,DB was not_issued; CSV said issued. Updated weight and storage only.,0.036,B7-01-S0030-F02,0.036,0.036,B7-01-S0030-F02,B7-01-S0030-F02,,,,
69ec519386f7ddd153ecaaf2,ORD-000041,A5954,issued,not_issued,not_issued_relocate,success,DB was not_issued; CSV said issued. Updated weight and storage only.,0.036,B7-01-S0030-F02,0.036,0.036,B7-01-S0030-F02,B7-01-S0030-F02,,,,
69ec519386f7ddd153ecaaf6,ORD-000041,A6068,issued,not_issued,not_issued_relocate,success,DB was not_issued; CSV said issued. Updated weight and storage only.,2.178,B7-01-S0030-F02,2.178,2.178,B7-01-S0030-F02,B7-01-S0030-F02,,,,
69ec699386f7ddd153edea20,ORD-000038,A026,issued,issued,issued_return_and_txn,success,Returned with weight 0.044 → B7-01-S0030-F02 (CSV order/article ignored for return; using cone_document),0.044,B7-01-S0030-F02,1.184,0.044,B7-01-S0033-F03,B7-01-S0030-F02,6a0c335da6ecc26f82998a9d,69f03e9f64b7ac1888ee69b2,69eb183d86f7ddd153e58abc,69eb183d86f7ddd153e58ab7
69ec7ad286f7ddd153ef2661,ORD-000032,A6143,issued,issued,issued_return_and_txn,success,Returned with weight 0.098 → B7-01-S0044-F01 (CSV order/article ignored for return; using cone_document),0.098,B7-01-S0044-F01,0.426,0.098,B7-01-S0044-F02,B7-01-S0044-F01,6a0c335ea6ecc26f82998ab1,69f05910cf872c2476675c4f,69e367404dfe50532a0c07e3,69e367404dfe50532a0c07e0
69eef55086f7ddd15309ad5d,ORD-000041,A092,issued,issued,issued_return_and_txn,success,Returned with weight 0.06 → B7-01-S0030-F02 (CSV order/article ignored for return; using cone_document),0.06,B7-01-S0030-F02,1.284,0.06,B7-01-S0025-F03,B7-01-S0030-F02,6a0c335fa6ecc26f82998ac4,69ef320f86f7ddd1531031b7,69ef143886f7ddd1530e23c4,69ef256b86f7ddd1530f9c39
699aca0e4583baeaf6e65142,,,not_issued,not_issued,not_issued_relocate,success,Updated coneWeight and coneStorageId (no return transaction),0.54,B7-01-S0030-F02,0.54,0.54,B7-01-S0030-F02,B7-01-S0030-F02,,,,
69a4155b93145c5b28552f58,ORD-000038,A4554,issued,used,not_issued_relocate,success,DB was used; CSV said issued. Updated weight and storage only.,0.002,B7-01-S0043-F02,0,0.002,,,,,,
69a4155b93145c5b28552f64,ORD-000022,A4443,not_issued,not_issued,not_issued_relocate,success,Updated coneWeight and coneStorageId (no return transaction),0.266,B7-01-S0043-F02,0.266,0.266,B7-01-S0043-F02,B7-01-S0043-F02,,,,
69a5645693145c5b28578b36,ORD-000005,A590,not_issued,not_issued,not_issued_relocate,success,Updated coneWeight and coneStorageId (no return transaction),0.09,B7-01-S0036-F03,0.09,0.09,B7-01-S0036-F03,B7-01-S0036-F03,,,,
69a564c693145c5b28578c06,ORD-000015,A6175,not_issued,not_issued,not_issued_relocate,success,Updated coneWeight and coneStorageId (no return transaction),0.612,B7-01-S0036-F03,0.612,0.612,B7-01-S0036-F03,B7-01-S0036-F03,,,,
69b1165905b3bddb852811e7,ORD-000027,A4833,not_issued,used,not_issued_relocate,success,Updated coneWeight and coneStorageId (no return transaction),0.002,B7-01-S0040-F01,0.002,0.002,,,,,,
69bfa9a4beea45a970c3e71d,,,not_issued,not_issued,not_issued_relocate,success,Updated coneWeight and coneStorageId (no return transaction),0.91,B7-01-S0043-F02,0.91,0.91,B7-01-S0043-F02,B7-01-S0043-F02,,,,
69bfa9a4beea45a970c3e71f,,,not_issued,not_issued,not_issued_relocate,success,Updated coneWeight and coneStorageId (no return transaction),1.15,B7-01-S0043-F02,1.15,1.15,B7-01-S0043-F02,B7-01-S0043-F02,,,,
69bfa9a4beea45a970c3e721,,,not_issued,used,not_issued_relocate,success,Updated coneWeight and coneStorageId (no return transaction),0.002,B7-01-S0043-F02,0.002,0.002,,,,,,
69bfa9a4beea45a970c3e723,,,not_issued,not_issued,not_issued_relocate,success,Updated coneWeight and coneStorageId (no return transaction),1.106,B7-01-S0043-F02,1.106,1.106,B7-01-S0043-F02,B7-01-S0043-F02,,,,
69bfa9a4beea45a970c3e726,,,not_issued,not_issued,not_issued_relocate,success,Updated coneWeight and coneStorageId (no return transaction),0.322,B7-01-S0043-F02,0.322,0.322,B7-01-S0043-F02,B7-01-S0043-F02,,,,
69bfb2aebeea45a970c3f06e,,,not_issued,not_issued,not_issued_relocate,success,Updated coneWeight and coneStorageId (no return transaction),0.65,B7-01-S0043-F02,0.65,0.65,B7-01-S0043-F02,B7-01-S0043-F02,,,,
69c229ecbeea45a970c66d3d,,,not_issued,not_issued,not_issued_relocate,success,Updated coneWeight and coneStorageId (no return transaction),0.6580001,B7-01-S0043-F02,0.6580001,0.6580001,B7-01-S0043-F02,B7-01-S0043-F02,,,,
69c26d4a421268c3c1b3a6a1,ORD-000036,A574,issued,issued,issued_return_relocate,success,Returned with weight 0.102 → B7-01-S0036-F03 (CSV order/article ignored for return; using cone_document),0.102,B7-01-S0036-F03,0.115,0.102,B7-01-S0038-F02,B7-01-S0036-F03,(existing),69e89a7a733c29bce008bf48,69e88468733c29bce005bedc,69e88468733c29bce005bed6
69c3e0cea7819fd050b25937,ORD-000010,A4850,not_issued,not_issued,not_issued_relocate,success,Updated coneWeight and coneStorageId (no return transaction),0.5,B7-01-S0040-F01,0.5,0.5,B7-01-S0040-F01,B7-01-S0040-F01,,,,
69c653f514badff1b9e6b97d,ORD-000036,A574,issued,issued,issued_return_relocate,success,Returned with weight 0.11 → B7-01-S0036-F03 (CSV order/article ignored for return; using cone_document),0.11,B7-01-S0036-F03,0.034,0.11,B7-01-S0038-F02,B7-01-S0036-F03,(existing),69e89a61733c29bce008be30,69e88468733c29bce005bedc,69e88468733c29bce005bed6
69c7c6b77b9dd20a856a29e2,ORD-000013,A6214,not_issued,not_issued,not_issued_relocate,success,Updated coneWeight and coneStorageId (no return transaction),1.076,B7-01-S0030-F02,1.076,1.076,B7-01-S0030-F02,B7-01-S0030-F02,,,,
69ca3fbc0ab7021c82e50c6b,ORD-000007,A4438,issued,not_issued,not_issued_relocate,success,DB was not_issued; CSV said issued. Updated weight and storage only.,0.118,B7-01-S0040-F01,0.118,0.118,B7-01-S0040-F01,B7-01-S0040-F01,,,,
69ccc547ff9f99209b697036,,,not_issued,not_issued,not_issued_relocate,success,Updated coneWeight and coneStorageId (no return transaction),0.054,B7-01-S0044-F01,0.054,0.054,B7-01-S0044-F01,B7-01-S0044-F01,,,,
69ccccfdff9f99209b697790,ORD-000027,A4823,issued,not_issued,not_issued_relocate,success,DB was not_issued; CSV said issued. Updated weight and storage only.,0.09200001,B7-01-S0043-F02,0.09200001,0.09200001,B7-01-S0043-F02,B7-01-S0043-F02,,,,
69cccd49ff9f99209b697939,,,not_issued,not_issued,not_issued_relocate,success,Updated coneWeight and coneStorageId (no return transaction),0.7600001,B7-01-S0040-F01,0.7600001,0.7600001,B7-01-S0040-F01,B7-01-S0040-F01,,,,
69d09e6c97fe9152fa9e7d7b,,,not_issued,not_issued,not_issued_relocate,success,Updated coneWeight and coneStorageId (no return transaction),0.376,B7-01-S0043-F02,0.376,0.376,B7-01-S0043-F02,B7-01-S0043-F02,,,,
69d4db4ab89662732f7f256a,ORD-000027,A3156,issued,not_issued,not_issued_relocate,success,DB was not_issued; CSV said issued. Updated weight and storage only.,0.048,B7-01-S0044-F01,0.048,0.048,B7-01-S0044-F01,B7-01-S0044-F01,,,,
69d72f01edc59d9ec1ff354a,,,not_issued,not_issued,not_issued_relocate,success,Updated coneWeight and coneStorageId (no return transaction),0.378,B7-01-S0043-F02,0.378,0.378,B7-01-S0043-F02,B7-01-S0043-F02,,,,
69d72f01edc59d9ec1ff3551,ORD-000031,A907,not_issued,not_issued,not_issued_relocate,success,Updated coneWeight and coneStorageId (no return transaction),0.274,B7-01-S0043-F02,0.274,0.274,B7-01-S0043-F02,B7-01-S0043-F02,,,,
69d783bcedc59d9ec1024d63,ORD-000036,A574,issued,issued,issued_return_relocate,success,Returned with weight 0.1 → B7-01-S0036-F03 (CSV order/article ignored for return; using cone_document),0.1,B7-01-S0036-F03,0.75,0.1,B7-01-S0044-F02,B7-01-S0036-F03,(existing),69e89a69733c29bce008be87,69e88468733c29bce005bedc,69e88468733c29bce005bed6
69d8b1e3edc59d9ec1056b92,,,not_issued,used,not_issued_relocate,success,Updated coneWeight and coneStorageId (no return transaction),0.002,B7-01-S0040-F01,0.002,0.002,,,,,,
69d8b230edc59d9ec105716f,,,not_issued,not_issued,not_issued_relocate,success,Updated coneWeight and coneStorageId (no return transaction),0.612,B7-01-S0040-F01,0.612,0.612,B7-01-S0040-F01,B7-01-S0040-F01,,,,
69dccf3da19ee8d30f4ae9de,ORD-000027,A4785,issued,used,not_issued_relocate,success,DB was used; CSV said issued. Updated weight and storage only.,0.002,B7-01-S0040-F01,0,0.002,,,,,,
69e064d600ca64e3cf58e706,ORD-000036,A574,issued,issued,issued_return_relocate,success,Returned with weight 0.102 → B7-01-S0040-F01 (CSV order/article ignored for return; using cone_document),0.102,B7-01-S0040-F01,0.378,0.102,B7-01-S0040-F02,B7-01-S0040-F01,(existing),69eb0d4c86f7ddd153e47d2f,69e88468733c29bce005bedc,69e88468733c29bce005bed6
69e360c04dfe50532a0beb9e,ORD-000036,A582,issued,issued,issued_return_and_txn,success,Returned with weight 0.044 → B7-01-S0013-F02 (CSV order/article ignored for return; using cone_document),0.044,B7-01-S0013-F02,0.872,0.044,B7-01-S0013-F03,B7-01-S0013-F02,6a0c3369a6ecc26f82998be9,69e88926733c29bce006a090,69e88468733c29bce005bedc,69e88468733c29bce005bed5
69e360c04dfe50532a0bebbb,ORD-000036,A582,issued,issued,issued_return_and_txn,success,Returned with weight 0.04 → B7-01-S0013-F02 (CSV order/article ignored for return; using cone_document),0.04,B7-01-S0013-F02,1.048,0.04,B7-01-S0013-F03,B7-01-S0013-F02,6a0c3369a6ecc26f82998bfa,69e88a32733c29bce006a8ab,69e88468733c29bce005bedc,69e88468733c29bce005bed5
69e5bb944dfe50532a156ff4,ORD-000036,A574,issued,issued,issued_return_and_txn,success,Returned with weight 0.002 → B7-01-S0043-F02 (CSV order/article ignored for return; using cone_document),0.002,B7-01-S0043-F02,0.924,0.002,B7-01-S0043-F02,,6a0c336aa6ecc26f82998c03,69e890d4733c29bce007a8ad,69e88468733c29bce005bedc,69e88468733c29bce005bed6
69e5bb944dfe50532a156ff8,ORD-000036,A574,issued,issued,issued_return_and_txn,success,Returned with weight 0.108 → B7-01-S0043-F02 (CSV order/article ignored for return; using cone_document),0.108,B7-01-S0043-F02,0.932,0.108,B7-01-S0043-F02,B7-01-S0043-F02,6a0c336aa6ecc26f82998c16,69e890e5733c29bce007b7eb,69e88468733c29bce005bedc,69e88468733c29bce005bed6
69e5bb944dfe50532a156fff,,,not_issued,not_issued,not_issued_relocate,success,Updated coneWeight and coneStorageId (no return transaction),0.458,B7-01-S0043-F02,0.458,0.458,B7-01-S0043-F02,B7-01-S0043-F02,,,,
69e5bb944dfe50532a157002,ORD-000036,A574,issued,issued,issued_return_and_txn,success,Returned with weight 0.102 → B7-01-S0043-F02 (CSV order/article ignored for return; using cone_document),0.102,B7-01-S0043-F02,0.892,0.102,B7-01-S0043-F02,B7-01-S0043-F02,6a0c336ba6ecc26f82998c33,69e89100733c29bce007bbed,69e88468733c29bce005bedc,69e88468733c29bce005bed6
69e5bb944dfe50532a157005,ORD-000032,A6141,issued,not_issued,not_issued_relocate,success,DB was not_issued; CSV said issued. Updated weight and storage only.,0.9400001,B7-01-S0043-F02,0.9400001,0.9400001,B7-01-S0043-F02,B7-01-S0043-F02,,,,
69e5ef8b4dfe50532a16ca92,ORD-000036,A574,issued,issued,issued_return_and_txn,success,Returned with weight 0.042 → B7-01-S0013-F02 (CSV order/article ignored for return; using cone_document),0.042,B7-01-S0013-F02,1.078,0.042,B7-01-S0013-F03,B7-01-S0013-F02,6a0c336ca6ecc26f82998c50,69e88f57733c29bce0076b0d,69e88468733c29bce005bedc,69e88468733c29bce005bed6
69e5ef8b4dfe50532a16ca96,ORD-000036,A574,issued,issued,issued_return_and_txn,success,Returned with weight 0.04 → B7-01-S0013-F02 (CSV order/article ignored for return; using cone_document),0.04,B7-01-S0013-F02,1.032,0.04,B7-01-S0013-F03,B7-01-S0013-F02,6a0c336da6ecc26f82998c61,69e88f2f733c29bce00769b5,69e88468733c29bce005bedc,69e88468733c29bce005bed6
69e5ef8b4dfe50532a16ca97,ORD-000036,A574,issued,issued,issued_return_and_txn,success,Returned with weight 0.044 → B7-01-S0013-F02 (CSV order/article ignored for return; using cone_document),0.044,B7-01-S0013-F02,1.096,0.044,B7-01-S0013-F03,B7-01-S0013-F02,6a0c336da6ecc26f82998c72,69e88efc733c29bce00767cb,69e88468733c29bce005bedc,69e88468733c29bce005bed6
69e5ef8b4dfe50532a16ca98,ORD-000036,A574,issued,issued,issued_return_and_txn,success,Returned with weight 0.04 → B7-01-S0013-F02 (CSV order/article ignored for return; using cone_document),0.04,B7-01-S0013-F02,1.072,0.04,B7-01-S0013-F03,B7-01-S0013-F02,6a0c336ea6ecc26f82998c83,69e88f53733c29bce0076ae4,69e88468733c29bce005bedc,69e88468733c29bce005bed6
69e5ef8b4dfe50532a16ca9a,ORD-000036,A574,issued,issued,issued_return_and_txn,success,Returned with weight 0.042 → B7-01-S0013-F02 (CSV order/article ignored for return; using cone_document),0.042,B7-01-S0013-F02,1.064,0.042,B7-01-S0013-F03,B7-01-S0013-F02,6a0c336fa6ecc26f82998c94,69e88f29733c29bce0076991,69e88468733c29bce005bedc,69e88468733c29bce005bed6
69e5ef8b4dfe50532a16ca9b,ORD-000036,A574,issued,issued,issued_return_and_txn,success,Returned with weight 0.044 → B7-01-S0013-F02 (CSV order/article ignored for return; using cone_document),0.044,B7-01-S0013-F02,1.034,0.044,B7-01-S0013-F03,B7-01-S0013-F02,6a0c336fa6ecc26f82998ca5,69e88f17733c29bce00768aa,69e88468733c29bce005bedc,69e88468733c29bce005bed6
69e5ef8b4dfe50532a16ca9c,ORD-000036,A574,issued,issued,issued_return_and_txn,success,Returned with weight 0.044 → B7-01-S0013-F02 (CSV order/article ignored for return; using cone_document),0.044,B7-01-S0013-F02,1.028,0.044,B7-01-S0013-F03,B7-01-S0013-F02,6a0c3370a6ecc26f82998cb6,69e88eeb733c29bce00761b2,69e88468733c29bce005bedc,69e88468733c29bce005bed6
69e5ef8b4dfe50532a16caa1,ORD-000036,A574,issued,issued,issued_return_and_txn,success,Returned with weight 0.042 → B7-01-S0013-F02 (CSV order/article ignored for return; using cone_document),0.042,B7-01-S0013-F02,1.056,0.042,B7-01-S0013-F03,B7-01-S0013-F02,6a0c3371a6ecc26f82998cc7,69e88f5c733c29bce0076b2a,69e88468733c29bce005bedc,69e88468733c29bce005bed6
69e5ef8b4dfe50532a16caa3,ORD-000036,A574,issued,issued,issued_return_and_txn,success,Returned with weight 0.044 → B7-01-S0013-F02 (CSV order/article ignored for return; using cone_document),0.044,B7-01-S0013-F02,1.082,0.044,B7-01-S0013-F03,B7-01-S0013-F02,6a0c3371a6ecc26f82998cd8,69e88e42733c29bce0074363,69e88468733c29bce005bedc,69e88468733c29bce005bed6
69e5ef8b4dfe50532a16caa4,ORD-000036,A574,issued,issued,issued_return_and_txn,success,Returned with weight 0.04 → B7-01-S0013-F02 (CSV order/article ignored for return; using cone_document),0.04,B7-01-S0013-F02,1.048,0.04,B7-01-S0013-F03,B7-01-S0013-F02,6a0c3372a6ecc26f82998ce9,69e88f43733c29bce0076a66,69e88468733c29bce005bedc,69e88468733c29bce005bed6
69e5ef8b4dfe50532a16caa5,ORD-000036,A574,issued,issued,issued_return_and_txn,success,Returned with weight 0.044 → B7-01-S0013-F02 (CSV order/article ignored for return; using cone_document),0.044,B7-01-S0013-F02,1.012,0.044,B7-01-S0013-F03,B7-01-S0013-F02,6a0c3373a6ecc26f82998cfa,69e88f48733c29bce0076aa5,69e88468733c29bce005bedc,69e88468733c29bce005bed6
69e5ef8b4dfe50532a16caa7,ORD-000036,A574,issued,issued,issued_return_and_txn,success,Returned with weight 0.04 → B7-01-S0013-F02 (CSV order/article ignored for return; using cone_document),0.04,B7-01-S0013-F02,1.152,0.04,B7-01-S0013-F03,B7-01-S0013-F02,6a0c3373a6ecc26f82998d0b,69e88ee0733c29bce0076174,69e88468733c29bce005bedc,69e88468733c29bce005bed6
69e5ef8b4dfe50532a16caa8,ORD-000036,A574,issued,issued,issued_return_and_txn,success,Returned with weight 0.04 → B7-01-S0013-F02 (CSV order/article ignored for return; using cone_document),0.04,B7-01-S0013-F02,1.09,0.04,B7-01-S0013-F03,B7-01-S0013-F02,6a0c3374a6ecc26f82998d1c,69e88f1d733c29bce0076938,69e88468733c29bce005bedc,69e88468733c29bce005bed6
69e5ef8b4dfe50532a16caa9,ORD-000036,A574,issued,issued,issued_return_and_txn,success,Returned with weight 0.042 → B7-01-S0013-F02 (CSV order/article ignored for return; using cone_document),0.042,B7-01-S0013-F02,1.064,0.042,B7-01-S0013-F03,B7-01-S0013-F02,6a0c3375a6ecc26f82998d2d,69e88ed1733c29bce007590e,69e88468733c29bce005bedc,69e88468733c29bce005bed6
69e5ef8b4dfe50532a16caab,ORD-000036,A574,issued,issued,issued_return_and_txn,success,Returned with weight 0.042 → B7-01-S0013-F02 (CSV order/article ignored for return; using cone_document),0.042,B7-01-S0013-F02,1.098,0.042,B7-01-S0013-F03,B7-01-S0013-F02,6a0c3375a6ecc26f82998d3e,69e88f11733c29bce007688d,69e88468733c29bce005bedc,69e88468733c29bce005bed6
69e5ef8b4dfe50532a16caac,ORD-000036,A574,issued,issued,issued_return_and_txn,success,Returned with weight 0.002 → B7-01-S0013-F02 (CSV order/article ignored for return; using cone_document),0.002,B7-01-S0013-F02,1.068,0.002,B7-01-S0013-F03,,6a0c3376a6ecc26f82998d47,69e88f36733c29bce00769f9,69e88468733c29bce005bedc,69e88468733c29bce005bed6
69e5ef8b4dfe50532a16caad,ORD-000036,A574,issued,issued,issued_return_and_txn,success,Returned with weight 0.04 → B7-01-S0013-F02 (CSV order/article ignored for return; using cone_document),0.04,B7-01-S0013-F02,1.074,0.04,B7-01-S0013-F03,B7-01-S0013-F02,6a0c3376a6ecc26f82998d58,69e88ee6733c29bce007618e,69e88468733c29bce005bedc,69e88468733c29bce005bed6
69e5ef8b4dfe50532a16caae,ORD-000036,A574,issued,issued,issued_return_and_txn,success,Returned with weight 0.042 → B7-01-S0013-F02 (CSV order/article ignored for return; using cone_document),0.042,B7-01-S0013-F02,1.102,0.042,B7-01-S0013-F03,B7-01-S0013-F02,6a0c3377a6ecc26f82998d69,69e88f01733c29bce007681a,69e88468733c29bce005bedc,69e88468733c29bce005bed6
69e5ef8b4dfe50532a16caaf,ORD-000036,A574,issued,issued,issued_return_and_txn,success,Returned with weight 0.042 → B7-01-S0013-F02 (CSV order/article ignored for return; using cone_document),0.042,B7-01-S0013-F02,1.082,0.042,B7-01-S0013-F03,B7-01-S0013-F02,6a0c3378a6ecc26f82998d7a,69e88e48733c29bce007437d,69e88468733c29bce005bedc,69e88468733c29bce005bed6
69e5ef8b4dfe50532a16cab0,ORD-000036,A574,issued,issued,issued_return_and_txn,success,Returned with weight 0.044 → B7-01-S0013-F02 (CSV order/article ignored for return; using cone_document),0.044,B7-01-S0013-F02,1.102,0.044,B7-01-S0013-F03,B7-01-S0013-F02,6a0c3378a6ecc26f82998d8b,69e88e1d733c29bce00742e1,69e88468733c29bce005bedc,69e88468733c29bce005bed6
69e5ef8b4dfe50532a16cab1,ORD-000036,A574,issued,issued,issued_return_and_txn,success,Returned with weight 0.046 → B7-01-S0013-F02 (CSV order/article ignored for return; using cone_document),0.046,B7-01-S0013-F02,1.112,0.046,B7-01-S0013-F03,B7-01-S0013-F02,6a0c3379a6ecc26f82998d9c,69e88f0c733c29bce0076873,69e88468733c29bce005bedc,69e88468733c29bce005bed6
69e5ef8b4dfe50532a16cab2,ORD-000036,A574,issued,issued,issued_return_and_txn,success,Returned with weight 0.046 → B7-01-S0013-F02 (CSV order/article ignored for return; using cone_document),0.046,B7-01-S0013-F02,1.152,0.046,B7-01-S0013-F03,B7-01-S0013-F02,6a0c337aa6ecc26f82998dad,69e88e24733c29bce00742fb,69e88468733c29bce005bedc,69e88468733c29bce005bed6
69e5ef8b4dfe50532a16cab3,ORD-000036,A574,issued,issued,issued_return_and_txn,success,Returned with weight 0.046 → B7-01-S0013-F02 (CSV order/article ignored for return; using cone_document),0.046,B7-01-S0013-F02,1.04,0.046,B7-01-S0013-F03,B7-01-S0013-F02,6a0c337aa6ecc26f82998dbe,69e88e39733c29bce0074349,69e88468733c29bce005bedc,69e88468733c29bce005bed6
69e5ef8b4dfe50532a16cab4,ORD-000036,A574,issued,issued,issued_return_and_txn,success,Returned with weight 0.044 → B7-01-S0013-F02 (CSV order/article ignored for return; using cone_document),0.044,B7-01-S0013-F02,1.054,0.044,B7-01-S0013-F03,B7-01-S0013-F02,6a0c337ba6ecc26f82998dcf,69e88ef6733c29bce00766a0,69e88468733c29bce005bedc,69e88468733c29bce005bed6
69e5ef8b4dfe50532a16cab5,ORD-000036,A574,issued,issued,issued_return_and_txn,success,Returned with weight 0.046 → B7-01-S0013-F02 (CSV order/article ignored for return; using cone_document),0.046,B7-01-S0013-F02,1.07,0.046,B7-01-S0013-F03,B7-01-S0013-F02,6a0c337ba6ecc26f82998de0,69e88ebe733c29bce0074f2e,69e88468733c29bce005bedc,69e88468733c29bce005bed6
69e5ef8b4dfe50532a16cab7,ORD-000036,A574,issued,issued,issued_return_and_txn,success,Returned with weight 0.04 → B7-01-S0013-F02 (CSV order/article ignored for return; using cone_document),0.04,B7-01-S0013-F02,1.064,0.04,B7-01-S0013-F03,B7-01-S0013-F02,6a0c337ca6ecc26f82998df1,69e88ecb733c29bce0075547,69e88468733c29bce005bedc,69e88468733c29bce005bed6
69e5ef8b4dfe50532a16cab8,ORD-000036,A574,issued,issued,issued_return_and_txn,success,Returned with weight 0.044 → B7-01-S0013-F02 (CSV order/article ignored for return; using cone_document),0.044,B7-01-S0013-F02,1.06,0.044,B7-01-S0013-F03,B7-01-S0013-F02,6a0c337da6ecc26f82998e02,69e88f23733c29bce0076977,69e88468733c29bce005bedc,69e88468733c29bce005bed6
69e5ef8b4dfe50532a16cab9,ORD-000036,A574,issued,issued,issued_return_and_txn,success,Returned with weight 0.044 → B7-01-S0013-F02 (CSV order/article ignored for return; using cone_document),0.044,B7-01-S0013-F02,1.066,0.044,B7-01-S0013-F03,B7-01-S0013-F02,6a0c337ea6ecc26f82998e13,69e88ea1733c29bce007480c,69e88468733c29bce005bedc,69e88468733c29bce005bed6
69e5f1904dfe50532a16de2f,ORD-000036,A903,issued,issued,issued_return_and_txn,success,Returned with weight 0.546 → B7-01-S0043-F02 (CSV order/article ignored for return; using cone_document),0.546,B7-01-S0043-F02,0.852,0.546,B7-01-S0043-F02,B7-01-S0043-F02,6a0c337ea6ecc26f82998e25,69e894ca733c29bce007f5ad,69e88468733c29bce005bedc,69e88468733c29bce005bed8
69e71e95f0694e7c1e227f5c,ORD-000036,A582,issued,issued,issued_return_and_txn,success,Returned with weight 0.044 → B7-01-S0013-F02 (CSV order/article ignored for return; using cone_document),0.044,B7-01-S0013-F02,1.092,0.044,B7-01-S0013-F03,B7-01-S0013-F02,6a0c337fa6ecc26f82998e36,69e8893b733c29bce006a2da,69e88468733c29bce005bedc,69e88468733c29bce005bed5
69e71e95f0694e7c1e227f5e,ORD-000036,A574,issued,issued,issued_return_and_txn,success,Returned with weight 0.042 → B7-01-S0013-F02 (CSV order/article ignored for return; using cone_document),0.042,B7-01-S0013-F02,1.052,0.042,B7-01-S0013-F03,B7-01-S0013-F02,6a0c3380a6ecc26f82998e47,69e88ed7733c29bce0075b65,69e88468733c29bce005bedc,69e88468733c29bce005bed6
69e71e95f0694e7c1e227f60,ORD-000036,A574,issued,issued,issued_return_and_txn,success,Returned with weight 0.058 → B7-01-S0013-F02 (CSV order/article ignored for return; using cone_document),0.058,B7-01-S0013-F02,1.076,0.058,B7-01-S0013-F03,B7-01-S0013-F02,6a0c3380a6ecc26f82998e58,69e88ead733c29bce00748dd,69e88468733c29bce005bedc,69e88468733c29bce005bed6
69e71e95f0694e7c1e227f62,ORD-000036,A574,issued,issued,issued_return_and_txn,success,Returned with weight 0.044 → B7-01-S0013-F02 (CSV order/article ignored for return; using cone_document),0.044,B7-01-S0013-F02,1.058,0.044,B7-01-S0013-F03,B7-01-S0013-F02,6a0c3381a6ecc26f82998e69,69e88eb2733c29bce0074916,69e88468733c29bce005bedc,69e88468733c29bce005bed6
69e71e95f0694e7c1e227f63,ORD-000036,A574,issued,issued,issued_return_and_txn,success,Returned with weight 0.002 → B7-01-S0013-F02 (CSV order/article ignored for return; using cone_document),0.002,B7-01-S0013-F02,1.094,0.002,B7-01-S0013-F03,,6a0c3381a6ecc26f82998e72,69e88e29733c29bce0074315,69e88468733c29bce005bedc,69e88468733c29bce005bed6
69e71e95f0694e7c1e227f6a,ORD-000036,A582,issued,issued,issued_return_and_txn,success,Returned with weight 0.044 → B7-01-S0013-F02 (CSV order/article ignored for return; using cone_document),0.044,B7-01-S0013-F02,1.098,0.044,B7-01-S0013-F03,B7-01-S0013-F02,6a0c3382a6ecc26f82998e83,69e88940733c29bce006a2f4,69e88468733c29bce005bedc,69e88468733c29bce005bed5
69e71e95f0694e7c1e227f6c,ORD-000036,A574,issued,issued,issued_return_and_txn,success,Returned with weight 0.042 → B7-01-S0013-F02 (CSV order/article ignored for return; using cone_document),0.042,B7-01-S0013-F02,1.088,0.042,B7-01-S0013-F03,B7-01-S0013-F02,6a0c3382a6ecc26f82998e94,69e88ea7733c29bce0074895,69e88468733c29bce005bedc,69e88468733c29bce005bed6
69e71e95f0694e7c1e227f76,ORD-000036,A574,issued,issued,issued_return_and_txn,success,Returned with weight 0.044 → B7-01-S0013-F02 (CSV order/article ignored for return; using cone_document),0.044,B7-01-S0013-F02,1.096,0.044,B7-01-S0013-F03,B7-01-S0013-F02,6a0c3383a6ecc26f82998ea5,69e88ec4733c29bce0075196,69e88468733c29bce005bedc,69e88468733c29bce005bed6
69e71e95f0694e7c1e227f77,ORD-000036,A582,issued,issued,issued_return_and_txn,success,Returned with weight 0.044 → B7-01-S0013-F02 (CSV order/article ignored for return; using cone_document),0.044,B7-01-S0013-F02,1.092,0.044,B7-01-S0013-F03,B7-01-S0013-F02,6a0c3384a6ecc26f82998eb6,69e88945733c29bce006a319,69e88468733c29bce005bedc,69e88468733c29bce005bed5
69e84eaa795e8688eebc6238,ORD-000036,A574,issued,issued,issued_return_and_txn,success,Returned with weight 0.482 → B7-01-S0036-F03 (CSV order/article ignored for return; using cone_document),0.482,B7-01-S0036-F03,0.974,0.482,B7-01-S0038-F02,B7-01-S0036-F03,6a0c3384a6ecc26f82998ec8,69e88fda733c29bce0076f46,69e88468733c29bce005bedc,69e88468733c29bce005bed6
69e84eaa795e8688eebc623d,ORD-000036,A574,issued,issued,issued_return_and_txn,success,Returned with weight 0.8940001 → B7-01-S0036-F03 (CSV order/article ignored for return; using cone_document),0.8940001,B7-01-S0036-F03,0.916,0.8940001,B7-01-S0038-F02,B7-01-S0036-F03,6a0c3385a6ecc26f82998eda,69e89013733c29bce0077663,69e88468733c29bce005bedc,69e88468733c29bce005bed6
69e84eaa795e8688eebc623f,ORD-000036,A574,issued,issued,issued_return_and_txn,success,Returned with weight 0.862 → B7-01-S0036-F03 (CSV order/article ignored for return; using cone_document),0.862,B7-01-S0036-F03,0.874,0.862,B7-01-S0038-F02,B7-01-S0036-F03,6a0c3385a6ecc26f82998eec,69e88fe0733c29bce0076f5f,69e88468733c29bce005bedc,69e88468733c29bce005bed6
69e84eaa795e8688eebc6240,ORD-000036,A574,issued,issued,issued_return_and_txn,success,Returned with weight 0.108 → B7-01-S0036-F03 (CSV order/article ignored for return; using cone_document),0.108,B7-01-S0036-F03,0.936,0.108,B7-01-S0038-F02,B7-01-S0036-F03,6a0c3386a6ecc26f82998efe,69e88ffe733c29bce007701d,69e88468733c29bce005bedc,69e88468733c29bce005bed6
69e84eaa795e8688eebc6242,ORD-000036,A574,issued,issued,issued_return_and_txn,success,Returned with weight 0.108 → B7-01-S0036-F03 (CSV order/article ignored for return; using cone_document),0.108,B7-01-S0036-F03,0.918,0.108,B7-01-S0038-F02,B7-01-S0036-F03,6a0c3387a6ecc26f82998f10,69e88fec733c29bce0076f91,69e88468733c29bce005bedc,69e88468733c29bce005bed6
69e84eaa795e8688eebc624b,ORD-000036,A574,issued,issued,issued_return_and_txn,success,Returned with weight 0.104 → B7-01-S0036-F03 (CSV order/article ignored for return; using cone_document),0.104,B7-01-S0036-F03,0.906,0.104,B7-01-S0038-F02,B7-01-S0036-F03,6a0c3387a6ecc26f82998f22,69e89026733c29bce0077e5a,69e88468733c29bce005bedc,69e88468733c29bce005bed6
69e8849a733c29bce005c506,ORD-000036,A582,issued,issued,issued_return_and_txn,success,Returned with weight 0.05 → B7-01-S0044-F01 (CSV order/article ignored for return; using cone_document),0.05,B7-01-S0044-F01,0.396,0.05,B7-01-S0044-F02,B7-01-S0044-F01,6a0c3388a6ecc26f82998f34,69e88c40733c29bce006e606,69e88468733c29bce005bedc,69e88468733c29bce005bed5
69e8849a733c29bce005c516,ORD-000036,A574,issued,issued,issued_return_and_txn,success,Returned with weight 0.05 → B7-01-S0044-F01 (CSV order/article ignored for return; using cone_document),0.05,B7-01-S0044-F01,0.374,0.05,B7-01-S0044-F02,B7-01-S0044-F01,6a0c3389a6ecc26f82998f46,69e88fbf733c29bce0076ecb,69e88468733c29bce005bedc,69e88468733c29bce005bed6
69e8849a733c29bce005c517,ORD-000036,A574,issued,issued,issued_return_and_txn,success,Returned with weight 0.054 → B7-01-S0044-F01 (CSV order/article ignored for return; using cone_document),0.054,B7-01-S0044-F01,0.376,0.054,B7-01-S0044-F02,B7-01-S0044-F01,6a0c3389a6ecc26f82998f58,69e88fc4733c29bce0076efa,69e88468733c29bce005bedc,69e88468733c29bce005bed6
69e8849a733c29bce005c518,ORD-000036,A574,issued,issued,issued_return_and_txn,success,Returned with weight 0.05 → B7-01-S0044-F01 (CSV order/article ignored for return; using cone_document),0.05,B7-01-S0044-F01,0.384,0.05,B7-01-S0044-F02,B7-01-S0044-F01,6a0c338aa6ecc26f82998f6a,69e88fa6733c29bce0076e0a,69e88468733c29bce005bedc,69e88468733c29bce005bed6
69e8849a733c29bce005c519,ORD-000036,A574,issued,issued,issued_return_and_txn,success,Returned with weight 0.05 → B7-01-S0044-F01 (CSV order/article ignored for return; using cone_document),0.05,B7-01-S0044-F01,0.392,0.05,B7-01-S0044-F02,B7-01-S0044-F01,6a0c338aa6ecc26f82998f7c,69e88f9a733c29bce0076dd0,69e88468733c29bce005bedc,69e88468733c29bce005bed6
69e8849a733c29bce005c51a,ORD-000036,A574,issued,issued,issued_return_and_txn,success,Returned with weight 0.05 → B7-01-S0044-F01 (CSV order/article ignored for return; using cone_document),0.05,B7-01-S0044-F01,0.408,0.05,B7-01-S0044-F02,B7-01-S0044-F01,6a0c338ba6ecc26f82998f8e,69e88fb1733c29bce0076e3c,69e88468733c29bce005bedc,69e88468733c29bce005bed6
69e8849a733c29bce005c51b,ORD-000036,A574,issued,issued,issued_return_and_txn,success,Returned with weight 0.05 → B7-01-S0044-F01 (CSV order/article ignored for return; using cone_document),0.05,B7-01-S0044-F01,0.4,0.05,B7-01-S0044-F02,B7-01-S0044-F01,6a0c338ca6ecc26f82998fa0,69e88f82733c29bce0076d41,69e88468733c29bce005bedc,69e88468733c29bce005bed6
69e8849a733c29bce005c51d,ORD-000036,A574,issued,issued,issued_return_and_txn,success,Returned with weight 0.002 → B7-01-S0044-F01 (CSV order/article ignored for return; using cone_document),0.002,B7-01-S0044-F01,0.318,0.002,B7-01-S0044-F02,,6a0c338ca6ecc26f82998fa9,69e88f8b733c29bce0076d73,69e88468733c29bce005bedc,69e88468733c29bce005bed6
69e8849a733c29bce005c51e,ORD-000036,A574,issued,issued,issued_return_and_txn,success,Returned with weight 0.05 → B7-01-S0044-F01 (CSV order/article ignored for return; using cone_document),0.05,B7-01-S0044-F01,0.24,0.05,B7-01-S0044-F02,B7-01-S0044-F01,6a0c338da6ecc26f82998fbb,69e88fa0733c29bce0076df1,69e88468733c29bce005bedc,69e88468733c29bce005bed6
69e8849a733c29bce005c521,ORD-000036,A574,issued,issued,issued_return_and_txn,success,Returned with weight 0.05 → B7-01-S0044-F01 (CSV order/article ignored for return; using cone_document),0.05,B7-01-S0044-F01,0.376,0.05,B7-01-S0044-F02,B7-01-S0044-F01,6a0c338da6ecc26f82998fcd,69e88f76733c29bce0076d0f,69e88468733c29bce005bedc,69e88468733c29bce005bed6
69e8849a733c29bce005c522,ORD-000036,A574,issued,issued,issued_return_and_txn,success,Returned with weight 0.002 → B7-01-S0044-F01 (CSV order/article ignored for return; using cone_document),0.002,B7-01-S0044-F01,0.406,0.002,B7-01-S0044-F02,,6a0c338ea6ecc26f82998fd6,69e88f91733c29bce0076d99,69e88468733c29bce005bedc,69e88468733c29bce005bed6
69e8849a733c29bce005c523,ORD-000036,A574,issued,issued,issued_return_and_txn,success,Returned with weight 0.368 → B7-01-S0044-F01 (CSV order/article ignored for return; using cone_document),0.368,B7-01-S0044-F01,0.388,0.368,B7-01-S0044-F02,B7-01-S0044-F01,6a0c338ea6ecc26f82998fe8,69e88f70733c29bce0076cf1,69e88468733c29bce005bedc,69e88468733c29bce005bed6
69e884b8733c29bce005c9c1,ORD-000036,A574,issued,issued,issued_return_and_txn,success,Returned with weight 0.102 → B7-01-S0040-F01 (CSV order/article ignored for return; using cone_document),0.102,B7-01-S0040-F01,1.37,0.102,B7-01-S0040-F02,B7-01-S0040-F01,6a0c338fa6ecc26f82998ff9,69e890bc733c29bce007a85f,69e88468733c29bce005bedc,69e88468733c29bce005bed6
69e884b8733c29bce005c9c2,ORD-000036,A574,issued,issued,issued_return_and_txn,success,Returned with weight 0.102 → B7-01-S0040-F01 (CSV order/article ignored for return; using cone_document),0.102,B7-01-S0040-F01,1.314,0.102,B7-01-S0040-F02,B7-01-S0040-F01,6a0c338fa6ecc26f8299900a,69e890c4733c29bce007a879,69e88468733c29bce005bedc,69e88468733c29bce005bed6
69e884b8733c29bce005c9c4,ORD-000036,A574,issued,issued,issued_return_and_txn,success,Returned with weight 0.102 → B7-01-S0040-F01 (CSV order/article ignored for return; using cone_document),0.102,B7-01-S0040-F01,1.294,0.102,B7-01-S0040-F02,B7-01-S0040-F01,6a0c3390a6ecc26f8299901b,69e890a3733c29bce007a133,69e88468733c29bce005bedc,69e88468733c29bce005bed6
69e884b8733c29bce005c9c6,ORD-000036,A574,issued,issued,issued_return_and_txn,success,Returned with weight 0.106 → B7-01-S0040-F01 (CSV order/article ignored for return; using cone_document),0.106,B7-01-S0040-F01,1.288,0.106,B7-01-S0040-F02,B7-01-S0040-F01,6a0c3390a6ecc26f8299902c,69e89084733c29bce00792fe,69e88468733c29bce005bedc,69e88468733c29bce005bed6
69e884b8733c29bce005c9ca,ORD-000036,A574,issued,issued,issued_return_and_txn,success,Returned with weight 0.106 → B7-01-S0040-F01 (CSV order/article ignored for return; using cone_document),0.106,B7-01-S0040-F01,1.302,0.106,B7-01-S0040-F02,B7-01-S0040-F01,6a0c3391a6ecc26f8299903d,69e890ab733c29bce007a24b,69e88468733c29bce005bedc,69e88468733c29bce005bed6
69e884b8733c29bce005c9cb,ORD-000036,A574,issued,issued,issued_return_and_txn,success,Returned with weight 0.11 → B7-01-S0040-F01 (CSV order/article ignored for return; using cone_document),0.11,B7-01-S0040-F01,1.292,0.11,B7-01-S0040-F02,B7-01-S0040-F01,6a0c3391a6ecc26f8299904e,69e8907c733c29bce0079001,69e88468733c29bce005bedc,69e88468733c29bce005bed6
69e884d2733c29bce005cdeb,ORD-000036,A582,issued,issued,issued_return_and_txn,success,Returned with weight 0.102 → B7-01-S0040-F01 (CSV order/article ignored for return; using cone_document),0.102,B7-01-S0040-F01,1.294,0.102,B7-01-S0040-F02,B7-01-S0040-F01,6a0c3392a6ecc26f8299905f,69e88b4c733c29bce006b4bc,69e88468733c29bce005bedc,69e88468733c29bce005bed5
69e884d2733c29bce005cdf0,ORD-000036,A582,issued,issued,issued_return_and_txn,success,Returned with weight 0.1 → B7-01-S0040-F01 (CSV order/article ignored for return; using cone_document),0.1,B7-01-S0040-F01,1.31,0.1,B7-01-S0040-F02,B7-01-S0040-F01,6a0c3393a6ecc26f82999070,69e88bb0733c29bce006c400,69e88468733c29bce005bedc,69e88468733c29bce005bed5
69e8bdb1733c29bce0096d83,ORD-000036,A574,issued,issued,issued_return_and_txn,success,Returned with weight 0.8240001 → B7-01-S0043-F02 (CSV order/article ignored for return; using cone_document),0.8240001,B7-01-S0043-F02,0.906,0.8240001,B7-01-S0044-F02,B7-01-S0043-F02,6a0c3393a6ecc26f82999081,69e8c8a1733c29bce009bc04,69e88468733c29bce005bedc,69e88468733c29bce005bed6
69e8bea9733c29bce009725e,ORD-000036,A574,issued,issued,issued_return_and_txn,success,Returned with weight 0.422 → B7-01-S0036-F03 (CSV order/article ignored for return; using cone_document),0.422,B7-01-S0036-F03,0.972,0.422,B7-01-S0038-F02,B7-01-S0036-F03,6a0c3394a6ecc26f82999095,69e8c87f733c29bce009ba2e,69e88468733c29bce005bedc,69e88468733c29bce005bed6
69e8bea9733c29bce009725f,ORD-000036,A574,issued,issued,issued_return_and_txn,success,Returned with weight 0.116 → B7-01-S0036-F03 (CSV order/article ignored for return; using cone_document),0.116,B7-01-S0036-F03,1.046,0.116,B7-01-S0038-F02,B7-01-S0036-F03,6a0c3394a6ecc26f829990a7,69e8c86a733c29bce009b98e,69e88468733c29bce005bedc,69e88468733c29bce005bed6
69e8bea9733c29bce0097261,ORD-000036,A574,issued,issued,issued_return_and_txn,success,Returned with weight 0.114 → B7-01-S0036-F03 (CSV order/article ignored for return; using cone_document),0.114,B7-01-S0036-F03,0.894,0.114,B7-01-S0038-F02,B7-01-S0036-F03,6a0c3395a6ecc26f829990b9,69e8c877733c29bce009ba04,69e88468733c29bce005bedc,69e88468733c29bce005bed6
69e8bea9733c29bce0097265,ORD-000036,A574,issued,issued,issued_return_and_txn,success,Returned with weight 0.106 → B7-01-S0036-F03 (CSV order/article ignored for return; using cone_document),0.106,B7-01-S0036-F03,0.924,0.106,B7-01-S0038-F02,B7-01-S0036-F03,6a0c3396a6ecc26f829990cb,69e8c871733c29bce009b9d1,69e88468733c29bce005bedc,69e88468733c29bce005bed6
69e8c462733c29bce009a4af,ORD-000036,A574,issued,issued,issued_return_and_txn,success,Returned with weight 0.104 → B7-01-S0040-F01 (CSV order/article ignored for return; using cone_document),0.104,B7-01-S0040-F01,1.326,0.104,B7-01-S0040-F02,B7-01-S0040-F01,6a0c3396a6ecc26f829990dc,69e8c896733c29bce009bbdc,69e88468733c29bce005bedc,69e88468733c29bce005bed6
69e8c462733c29bce009a4b2,ORD-000036,A574,issued,issued,issued_return_and_txn,success,Returned with weight 0.106 → B7-01-S0040-F01 (CSV order/article ignored for return; using cone_document),0.106,B7-01-S0040-F01,1.32,0.106,B7-01-S0040-F02,B7-01-S0040-F01,6a0c3397a6ecc26f829990ed,69e8c891733c29bce009bba2,69e88468733c29bce005bedc,69e88468733c29bce005bed6
69e8c462733c29bce009a4b4,ORD-000036,A574,issued,issued,issued_return_and_txn,success,Returned with weight 0.108 → B7-01-S0040-F01 (CSV order/article ignored for return; using cone_document),0.108,B7-01-S0040-F01,1.32,0.108,B7-01-S0040-F02,B7-01-S0040-F01,6a0c3397a6ecc26f829990fe,69e8c88c733c29bce009bb83,69e88468733c29bce005bedc,69e88468733c29bce005bed6
69e9adf2733c29bce00f08fd,ORD-000036,A574,issued,issued,issued_return_and_txn,success,Returned with weight 0.05 → B7-01-S0013-F02 (CSV order/article ignored for return; using cone_document),0.05,B7-01-S0013-F02,1.06,0.05,B7-01-S0013-F03,B7-01-S0013-F02,6a0c3398a6ecc26f8299910f,69eb0cf686f7ddd153e47ae5,69e88468733c29bce005bedc,69e88468733c29bce005bed6
69e9adf2733c29bce00f08fe,ORD-000036,A574,issued,issued,issued_return_and_txn,success,Returned with weight 0.36 → B7-01-S0013-F02 (CSV order/article ignored for return; using cone_document),0.36,B7-01-S0013-F02,1.074,0.36,B7-01-S0013-F03,B7-01-S0013-F02,6a0c3399a6ecc26f82999120,69eb0ced86f7ddd153e47999,69e88468733c29bce005bedc,69e88468733c29bce005bed6
69e9adf2733c29bce00f08ff,ORD-000036,A574,issued,issued,issued_return_and_txn,success,Returned with weight 0.042 → B7-01-S0013-F02 (CSV order/article ignored for return; using cone_document),0.042,B7-01-S0013-F02,1.072,0.042,B7-01-S0013-F03,B7-01-S0013-F02,6a0c3399a6ecc26f82999131,69eb0ce486f7ddd153e47971,69e88468733c29bce005bedc,69e88468733c29bce005bed6
69e9adf2733c29bce00f0900,ORD-000036,A574,issued,issued,issued_return_and_txn,success,Returned with weight 0.04 → B7-01-S0013-F02 (CSV order/article ignored for return; using cone_document),0.04,B7-01-S0013-F02,1.062,0.04,B7-01-S0013-F03,B7-01-S0013-F02,6a0c339aa6ecc26f82999142,69eb0cd786f7ddd153e47941,69e88468733c29bce005bedc,69e88468733c29bce005bed6
69e9adf2733c29bce00f0901,ORD-000036,A574,issued,issued,issued_return_and_txn,success,Returned with weight 0.044 → B7-01-S0013-F02 (CSV order/article ignored for return; using cone_document),0.044,B7-01-S0013-F02,1.104,0.044,B7-01-S0013-F03,B7-01-S0013-F02,6a0c339aa6ecc26f82999153,69eb0cbd86f7ddd153e478dd,69e88468733c29bce005bedc,69e88468733c29bce005bed6
69e9adf2733c29bce00f0902,ORD-000036,A574,issued,issued,issued_return_and_txn,success,Returned with weight 0.002 → B7-01-S0013-F02 (CSV order/article ignored for return; using cone_document),0.002,B7-01-S0013-F02,1.064,0.002,B7-01-S0013-F03,,6a0c339ba6ecc26f8299915c,69eb0c9586f7ddd153e475f6,69e88468733c29bce005bedc,69e88468733c29bce005bed6
69e9adf2733c29bce00f0903,ORD-000036,A574,issued,issued,issued_return_and_txn,success,Returned with weight 0.04 → B7-01-S0013-F02 (CSV order/article ignored for return; using cone_document),0.04,B7-01-S0013-F02,1.034,0.04,B7-01-S0013-F03,B7-01-S0013-F02,6a0c339ba6ecc26f8299916d,69eb0ccb86f7ddd153e47911,69e88468733c29bce005bedc,69e88468733c29bce005bed6
69e9adf2733c29bce00f0904,ORD-000036,A574,issued,issued,issued_return_and_txn,success,Returned with weight 0.044 → B7-01-S0013-F02 (CSV order/article ignored for return; using cone_document),0.044,B7-01-S0013-F02,1.03,0.044,B7-01-S0013-F03,B7-01-S0013-F02,6a0c339ca6ecc26f8299917e,69eb0cde86f7ddd153e47959,69e88468733c29bce005bedc,69e88468733c29bce005bed6
69e9adf2733c29bce00f0905,ORD-000036,A574,issued,issued,issued_return_and_txn,success,Returned with weight 0.044 → B7-01-S0013-F02 (CSV order/article ignored for return; using cone_document),0.044,B7-01-S0013-F02,1.038,0.044,B7-01-S0013-F03,B7-01-S0013-F02,6a0c339da6ecc26f8299918f,69eb0cd186f7ddd153e47929,69e88468733c29bce005bedc,69e88468733c29bce005bed6
69e9adf2733c29bce00f0906,ORD-000036,A574,issued,issued,issued_return_and_txn,success,Returned with weight 0.04 → B7-01-S0013-F02 (CSV order/article ignored for return; using cone_document),0.04,B7-01-S0013-F02,1.098,0.04,B7-01-S0013-F03,B7-01-S0013-F02,6a0c339da6ecc26f829991a0,69eb0ca786f7ddd153e47749,69e88468733c29bce005bedc,69e88468733c29bce005bed6
69e9adf2733c29bce00f0908,ORD-000036,A574,issued,issued,issued_return_and_txn,success,Returned with weight 0.044 → B7-01-S0013-F02 (CSV order/article ignored for return; using cone_document),0.044,B7-01-S0013-F02,1.104,0.044,B7-01-S0013-F03,B7-01-S0013-F02,6a0c339ea6ecc26f829991b1,69eb0cb286f7ddd153e47894,69e88468733c29bce005bedc,69e88468733c29bce005bed6
69e9adf2733c29bce00f0909,ORD-000036,A574,issued,issued,issued_return_and_txn,success,Returned with weight 0.044 → B7-01-S0013-F02 (CSV order/article ignored for return; using cone_document),0.044,B7-01-S0013-F02,1.086,0.044,B7-01-S0013-F03,B7-01-S0013-F02,6a0c339ea6ecc26f829991c2,69eb0cc586f7ddd153e478f5,69e88468733c29bce005bedc,69e88468733c29bce005bed6
69e9adf2733c29bce00f090b,ORD-000036,A574,issued,issued,issued_return_and_txn,success,Returned with weight 0.042 → B7-01-S0013-F02 (CSV order/article ignored for return; using cone_document),0.042,B7-01-S0013-F02,1.074,0.042,B7-01-S0013-F03,B7-01-S0013-F02,6a0c339fa6ecc26f829991d3,69eb0c9186f7ddd153e475de,69e88468733c29bce005bedc,69e88468733c29bce005bed6
69e9adf2733c29bce00f090c,ORD-000036,A574,issued,issued,issued_return_and_txn,success,Returned with weight 0.046 → B7-01-S0013-F02 (CSV order/article ignored for return; using cone_document),0.046,B7-01-S0013-F02,1.118,0.046,B7-01-S0013-F03,B7-01-S0013-F02,6a0c33a0a6ecc26f829991e4,69eb0cad86f7ddd153e47869,69e88468733c29bce005bedc,69e88468733c29bce005bed6
69e9adf2733c29bce00f090d,ORD-000036,A574,issued,issued,issued_return_and_txn,success,Returned with weight 0.04 → B7-01-S0013-F02 (CSV order/article ignored for return; using cone_document),0.04,B7-01-S0013-F02,1.026,0.04,B7-01-S0013-F03,B7-01-S0013-F02,6a0c33a0a6ecc26f829991f5,69eb0ca286f7ddd153e4760e,69e88468733c29bce005bedc,69e88468733c29bce005bed6
69e9adf2733c29bce00f090e,ORD-000036,A574,issued,issued,issued_return_and_txn,success,Returned with weight 0.042 → B7-01-S0013-F02 (CSV order/article ignored for return; using cone_document),0.042,B7-01-S0013-F02,1.058,0.042,B7-01-S0013-F03,B7-01-S0013-F02,6a0c33a1a6ecc26f82999206,69eb0c8186f7ddd153e47596,69e88468733c29bce005bedc,69e88468733c29bce005bed6
69e9adf2733c29bce00f090f,ORD-000036,A574,issued,issued,issued_return_and_txn,success,Returned with weight 0.038 → B7-01-S0013-F02 (CSV order/article ignored for return; using cone_document),0.038,B7-01-S0013-F02,1.076,0.038,B7-01-S0013-F03,B7-01-S0013-F02,6a0c33a2a6ecc26f82999217,69eb0c8686f7ddd153e475ae,69e88468733c29bce005bedc,69e88468733c29bce005bed6
69e9adf2733c29bce00f0910,ORD-000036,A574,issued,issued,issued_return_and_txn,success,Returned with weight 0.04 → B7-01-S0013-F02 (CSV order/article ignored for return; using cone_document),0.04,B7-01-S0013-F02,1.088,0.04,B7-01-S0013-F03,B7-01-S0013-F02,6a0c33a2a6ecc26f82999228,69eb0c8b86f7ddd153e475c6,69e88468733c29bce005bedc,69e88468733c29bce005bed6
69eb17c186f7ddd153e58490,ORD-000036,A582,issued,issued,issued_return_and_txn,success,Returned with weight 0.11 → B7-01-S0040-F01 (CSV order/article ignored for return; using cone_document),0.11,B7-01-S0040-F01,0.948,0.11,B7-01-S0040-F02,B7-01-S0040-F01,6a0c33a3a6ecc26f82999239,69ed151986f7ddd153f5172f,69e88468733c29bce005bedc,69e88468733c29bce005bed5
69eef50f86f7ddd15309aca6,,,not_issued,not_issued,not_issued_relocate,success,Updated coneWeight and coneStorageId (no return transaction),1.288,B7-01-S0030-F02,1.288,1.288,B7-01-S0030-F02,B7-01-S0030-F02,,,,
69f1fe4f2095293f7e58d8dc,,,not_issued,not_issued,not_issued_relocate,success,Updated coneWeight and coneStorageId (no return transaction),0.8100001,B7-01-S0036-F03,0.8100001,0.8100001,B7-01-S0036-F03,B7-01-S0036-F03,,,,
69f1fe902095293f7e58d9c1,,,not_issued,not_issued,not_issued_relocate,success,Updated coneWeight and coneStorageId (no return transaction),0.1,B7-01-S0036-F03,0.1,0.1,B7-01-S0036-F03,B7-01-S0036-F03,,,,
69f1ff142095293f7e58dbfd,,,not_issued,not_issued,not_issued_relocate,success,Updated coneWeight and coneStorageId (no return transaction),0.11,B7-01-S0036-F03,0.11,0.11,B7-01-S0036-F03,B7-01-S0036-F03,,,,
